name,formula,category,subcategory,density,thermal_conductivity,yield_strength,tensile_strength,youngs_modulus,hardness_vickers,thermal_expansion,electrical_resistivity,notes,source,mp_material_id,fracture_toughness,weibull_modulus
Alumina Al2O3 99%,Al2O3,Ceramic,Oxide,3.95,30.0,,260.0,370.0,1500.0,8.1,10000000000.0,,Curated,,6.0,
Silicon Carbide SiC,SiC,Ceramic,Carbide,3.21,120.0,,400.0,410.0,2800.0,4.0,10000.0,,Curated,,3.5,
Silicon Nitride Si3N4,Si3N4,Ceramic,Nitride,3.19,25.0,,600.0,300.0,1700.0,3.2,1000000000000.0,,Curated,,5.0,
Zirconia ZrO2 (Stabilized),ZrO2,Ceramic,Oxide,6.05,2.0,,800.0,210.0,1200.0,10.5,1000000000000.0,,Curated,,600.0,
Boron Carbide B4C,B4C,Ceramic,Carbide,2.52,30.0,,350.0,450.0,3000.0,5.0,0.3,,Curated,,3.0,
Magnesia MgO,MgO,Ceramic,Oxide,3.58,48.0,,100.0,248.0,750.0,13.5,10000000000000.0,,Curated,,,
Tungsten Carbide WC,WC,Ceramic,Carbide,15.63,110.0,,1700.0,696.0,2400.0,5.5,2e-07,,Curated,,,
Aluminium Nitride AlN,AlN,Ceramic,Nitride,3.26,170.0,,300.0,320.0,1200.0,4.6,100000000000.0,,Curated,,,
Titanium Nitride TiN,TiN,Ceramic,Nitride,5.22,19.0,,,600.0,2100.0,9.4,2.5e-07,,Curated,,,
Titania TiO2 (Rutile),TiO2,Ceramic,Oxide,4.26,8.0,,100.0,290.0,1100.0,8.2,1000000.0,,Curated,,,
Cordierite Mg2Al4Si5O18,Mg2Al4Si5O18,Ceramic,Oxide,2.51,3.5,,,135.0,,1.5,1000000000000.0,,Curated,,,
Borosilicate Glass,SiO2-B2O3,Ceramic,Glass,2.23,1.2,,60.0,63.0,520.0,3.3,100000000.0,,Curated,,,
Fused Silica SiO2,SiO2,Ceramic,Glass,2.2,1.38,,50.0,72.0,1100.0,0.55,1e+16,,Curated,,,
Hydroxyapatite,Ca10(PO4)6(OH)2,Ceramic,Bioceramic,3.16,1.3,,40.0,117.0,600.0,11.5,10000000000.0,,Curated,,,
Graphite Isotropic,C,Ceramic,Carbon,1.81,120.0,,50.0,10.0,,4.0,1.3e-05,,Curated,,,
TiCuSiAs,TiCuSiAs,Ceramic,Mixed,5.956,,,,,,,,JVASP-90856,JARVIS dft_3d (scraped),,,
DyB6,DyB6,Ceramic,Boride,5.522,,,,,,,,JVASP-86097,JARVIS dft_3d (scraped),,,
TbMnSi,TbMnSi,Ceramic,Mixed,7.41,,,,,,,,JVASP-14014,JARVIS dft_3d (scraped),,,
SrFeO3,SrFeO3,Ceramic,Oxide,5.836,,,,,,,,JVASP-22556,JARVIS dft_3d (scraped),,,
MoW3Se2S6,MoW3Se2S6,Ceramic,Mixed,5.388,,,,,,,,JVASP-28634,JARVIS dft_3d (scraped),,,
Ba4CeMn3O12,Ba4CeMn3O12,Ceramic,Oxide,6.138,,,,,,,,JVASP-98550,JARVIS dft_3d (scraped),,,
Fe2SiO4,Fe2SiO4,Ceramic,Oxide,4.438,,,,,,,,JVASP-89265,JARVIS dft_3d (scraped),,,
Ba14Na14LiN6,Ba14Na14LiN6,Ceramic,Nitride,2.887,,,,,,,,JVASP-97915,JARVIS dft_3d (scraped),,,
Ag2IO6,Ag2IO6,Ceramic,Oxide,5.588,,,,,,,,JVASP-90228,JARVIS dft_3d (scraped),,,
Li4Mn3Cr3O12,Li4Mn3Cr3O12,Ceramic,Oxide,4.401,,,,,,,,JVASP-42300,JARVIS dft_3d (scraped),,,
CdAs2O6,CdAs2O6,Ceramic,Oxide,5.765,,,,,,,,JVASP-86968,JARVIS dft_3d (scraped),,,
FeOF,FeOF,Ceramic,Oxide,4.758,,,,,,,,JVASP-90532,JARVIS dft_3d (scraped),,,
Na2CuO2,Na2CuO2,Ceramic,Oxide,3.544,,,,,,,,JVASP-50332,JARVIS dft_3d (scraped),,,
Mo3WSe6S2,Mo3WSe6S2,Ceramic,Mixed,5.106,,,,,,,,JVASP-28704,JARVIS dft_3d (scraped),,,
PdSe8Cl2,PdSe8Cl2,Ceramic,Mixed,4.471,,,,,,,,JVASP-60702,JARVIS dft_3d (scraped),,,
Te2Mo2WSe2S2,Te2Mo2WSe2S2,Ceramic,Mixed,4.974,,,,,,,,JVASP-28565,JARVIS dft_3d (scraped),,,
LiSbF6,LiSbF6,Ceramic,Mixed,3.997,,,,,,,,JVASP-86436,JARVIS dft_3d (scraped),,,
SrB6,SrB6,Ceramic,Boride,3.439,,,,295.0195324675325,,,,JVASP-14873,JARVIS dft_3d (scraped),,,
SiS,SiS,Ceramic,Non-Oxide,0.633,,,,12.81503355704698,,,,JVASP-28397,JARVIS dft_3d (scraped),,,
Na2Si2Se5,Na2Si2Se5,Ceramic,Mixed,3.419,,,,,,,,JVASP-89025,JARVIS dft_3d (scraped),,,
LiMn5O3F5,LiMn5O3F5,Ceramic,Oxide,4.019,,,,65.0098578199052,,,,JVASP-48166,JARVIS dft_3d (scraped),,,
YCoC2,YCoC2,Ceramic,Carbide,5.909,,,,250.80591035490409,,,,JVASP-15345,JARVIS dft_3d (scraped),,,
TbTaO4,TbTaO4,Ceramic,Oxide,8.922,,,,,,,,JVASP-97984,JARVIS dft_3d (scraped),,,
FeH8Cl2O4,FeH8Cl2O4,Ceramic,Oxide,2.081,,,,,,,,JVASP-98167,JARVIS dft_3d (scraped),,,
K4MnMo4O15,K4MnMo4O15,Ceramic,Oxide,3.689,,,,,,,,JVASP-97499,JARVIS dft_3d (scraped),,,
Xe,Xe,Ceramic,Elemental,3.762,,,,6.9707865168539325,,,,JVASP-21210,JARVIS dft_3d (scraped),,,
Rb2GeB4O9,Rb2GeB4O9,Ceramic,Oxide,3.296,,,,,,,,JVASP-97677,JARVIS dft_3d (scraped),,,
Na2Cr2O7,Na2Cr2O7,Ceramic,Oxide,2.796,,,,,,,,JVASP-97570,JARVIS dft_3d (scraped),,,
Ce3Si8Ni2,Ce3Si8Ni2,Ceramic,Mixed,5.572,,,,,,,,JVASP-98036,JARVIS dft_3d (scraped),,,
SrV4Bi6O20,SrV4Bi6O20,Ceramic,Oxide,6.695,,,,,,,,JVASP-98088,JARVIS dft_3d (scraped),,,
RbVF3,RbVF3,Ceramic,Mixed,4.54,,,,94.4163080710392,,,,JVASP-22587,JARVIS dft_3d (scraped),,,
Sr2Ti2As2OF2,Sr2Ti2As2OF2,Ceramic,Oxide,4.921,,,,,,,,JVASP-89957,JARVIS dft_3d (scraped),,,
NiN6Cl2,NiN6Cl2,Ceramic,Nitride,3.069,,,,,,,,JVASP-90428,JARVIS dft_3d (scraped),,,
MnOF,MnOF,Ceramic,Oxide,4.462,,,,,,,,JVASP-48091,JARVIS dft_3d (scraped),,,
TiCrAgS4,TiCrAgS4,Ceramic,Mixed,4.206,,,,,,,,JVASP-107735,JARVIS dft_3d (scraped),,,
KMoP2O8,KMoP2O8,Ceramic,Oxide,3.165,,,,,,,,JVASP-98798,JARVIS dft_3d (scraped),,,
LiO,LiO,Ceramic,Oxide,2.356,,,,,,,,JVASP-86322,JARVIS dft_3d (scraped),,,
MnCoO4,MnCoO4,Ceramic,Oxide,5.456,,,,,,,,JVASP-47529,JARVIS dft_3d (scraped),,,
Rb2MnCl6,Rb2MnCl6,Ceramic,Mixed,3.167,,,,25.48493514238855,,,,JVASP-22670,JARVIS dft_3d (scraped),,,
Ag2F5,Ag2F5,Ceramic,Mixed,5.311,,,,,,,,JVASP-97623,JARVIS dft_3d (scraped),,,
CeTiO3,CeTiO3,Ceramic,Oxide,6.466,,,,,,,,JVASP-49836,JARVIS dft_3d (scraped),,,
Te2MoWSeS,Te2MoWSeS,Ceramic,Mixed,6.082,,,,4.124076923076923,,,,JVASP-28959,JARVIS dft_3d (scraped),,,
LiSiCu2,LiSiCu2,Ceramic,Mixed,5.558,,,,,,,,JVASP-15810,JARVIS dft_3d (scraped),,,
Zn2Ga2S5,Zn2Ga2S5,Ceramic,Mixed,4.013,,,,,,,,JVASP-90114,JARVIS dft_3d (scraped),,,
SrO,SrO,Ceramic,Oxide,4.968,,,,148.43203661327234,,,,JVASP-1390,JARVIS dft_3d (scraped),,,
Li2VO2F,Li2VO2F,Ceramic,Oxide,3.848,,,,182.4044489972513,,,,JVASP-47962,JARVIS dft_3d (scraped),,,
NaVO2,NaVO2,Ceramic,Oxide,4.191,,,,197.29858368030412,,,,JVASP-1879,JARVIS dft_3d (scraped),,,
Nb3Si,Nb3Si,Ceramic,Mixed,7.381,,,,,,,,JVASP-98688,JARVIS dft_3d (scraped),,,
CSO,CSO,Ceramic,Non-Oxide,1.63,,,,,,,,JVASP-5482,JARVIS dft_3d (scraped),,,
LiNiO2,LiNiO2,Ceramic,Oxide,4.795,,,,144.70958919551688,,,,JVASP-18433,JARVIS dft_3d (scraped),,,
SnHgO3,SnHgO3,Ceramic,Oxide,9.323,,,,,,,,JVASP-97985,JARVIS dft_3d (scraped),,,
Fe2B,Fe2B,Ceramic,Boride,6.721,,,,,,,,JVASP-86154,JARVIS dft_3d (scraped),,,
HgHClO4,HgHClO4,Ceramic,Oxide,5.134,,,,,,,,JVASP-32197,JARVIS dft_3d (scraped),,,
LiFeF3,LiFeF3,Ceramic,Mixed,4.084,,,,,,,,JVASP-43739,JARVIS dft_3d (scraped),,,
K2TcCl6,K2TcCl6,Ceramic,Mixed,2.789,,,,,,,,JVASP-3828,JARVIS dft_3d (scraped),,,
LaMgSi2,LaMgSi2,Ceramic,Mixed,4.208,,,,,,,,JVASP-97732,JARVIS dft_3d (scraped),,,
V6O7F5,V6O7F5,Ceramic,Oxide,4.36,,,,,,,,JVASP-43842,JARVIS dft_3d (scraped),,,
Nd3S2Br5,Nd3S2Br5,Ceramic,Mixed,5.306,,,,,,,,JVASP-98494,JARVIS dft_3d (scraped),,,
Sr2TaN3,Sr2TaN3,Ceramic,Nitride,6.188,,,,,,,,JVASP-97336,JARVIS dft_3d (scraped),,,
BaSm2CoO5,BaSm2CoO5,Ceramic,Oxide,7.338,,,,,,,,JVASP-87903,JARVIS dft_3d (scraped),,,
LiTaO3,LiTaO3,Ceramic,Oxide,6.786,,,,,,,,JVASP-49773,JARVIS dft_3d (scraped),,,
BiClO,BiClO,Ceramic,Oxide,7.575,,,,87.5489583245366,,,,JVASP-3534,JARVIS dft_3d (scraped),,,
CrS2,CrS2,Ceramic,Mixed,2.923,,,,35.011279509586544,,,,JVASP-15831,JARVIS dft_3d (scraped),,,
Li2MnCuO4,Li2MnCuO4,Ceramic,Oxide,4.596,,,,,,,,JVASP-43424,JARVIS dft_3d (scraped),,,
Sm2SeO2,Sm2SeO2,Ceramic,Oxide,7.303,,,,152.24175497446063,,,,JVASP-3252,JARVIS dft_3d (scraped),,,
PdF3,PdF3,Ceramic,Mixed,4.857,,,,,,,,JVASP-14081,JARVIS dft_3d (scraped),,,
HfTlCuS3,HfTlCuS3,Ceramic,Mixed,7.042,,,,,,,,JVASP-98173,JARVIS dft_3d (scraped),,,
NaFePO4,NaFePO4,Ceramic,Oxide,3.695,,,,,,,,JVASP-48383,JARVIS dft_3d (scraped),,,
LiNiN,LiNiN,Ceramic,Nitride,3.489,,,,,,,,JVASP-18544,JARVIS dft_3d (scraped),,,
MgIn2O4,MgIn2O4,Ceramic,Oxide,5.866,,,,,,,,JVASP-53071,JARVIS dft_3d (scraped),,,
LiH4SNO4,LiH4SNO4,Ceramic,Oxide,1.942,,,,,,,,JVASP-97428,JARVIS dft_3d (scraped),,,
LiCuS,LiCuS,Ceramic,Mixed,3.791,,,,39.27684191589836,,,,JVASP-43079,JARVIS dft_3d (scraped),,,
AlInO3,AlInO3,Ceramic,Oxide,5.641,,,,240.48356948147256,,,,JVASP-50935,JARVIS dft_3d (scraped),,,
LiAgF2,LiAgF2,Ceramic,Mixed,5.706,,,,59.82803287128713,,,,JVASP-22698,JARVIS dft_3d (scraped),,,
Ho6ReO12,Ho6ReO12,Ceramic,Oxide,8.889,,,,,,,,JVASP-50807,JARVIS dft_3d (scraped),,,
RbTaO3,RbTaO3,Ceramic,Oxide,7.739,,,,172.39648368654085,,,,JVASP-50006,JARVIS dft_3d (scraped),,,
AlFeO3,AlFeO3,Ceramic,Oxide,4.756,,,,,,,,JVASP-43622,JARVIS dft_3d (scraped),,,
K3CaP2HO8,K3CaP2HO8,Ceramic,Oxide,2.751,,,,,,,,JVASP-52881,JARVIS dft_3d (scraped),,,
Ba9Y2Si6O24,Ba9Y2Si6O24,Ceramic,Oxide,4.985,,,,,,,,JVASP-98354,JARVIS dft_3d (scraped),,,
Sm2ZnS4,Sm2ZnS4,Ceramic,Mixed,5.375,,,,,,,,JVASP-53435,JARVIS dft_3d (scraped),,,
Li2FeO2F,Li2FeO2F,Ceramic,Oxide,4.128,,,,150.82511648392406,,,,JVASP-42398,JARVIS dft_3d (scraped),,,
VS2,VS2,Ceramic,Mixed,3.397,,,,74.65148828585876,,,,JVASP-16930,JARVIS dft_3d (scraped),,,
LiCu2F6,LiCu2F6,Ceramic,Mixed,4.246,,,,,,,,JVASP-50690,JARVIS dft_3d (scraped),,,
Ba4HfCl,Ba4HfCl,Ceramic,Mixed,4.784,,,,3.0311743772241995,,,,JVASP-64241,JARVIS dft_3d (scraped),,,
Li4VCr3O8,Li4VCr3O8,Ceramic,Oxide,4.284,,,,,,,,JVASP-43523,JARVIS dft_3d (scraped),,,
Tb2SeO2,Tb2SeO2,Ceramic,Oxide,8.077,,,,165.70762059181197,,,,JVASP-50107,JARVIS dft_3d (scraped),,,
RbAuN12,RbAuN12,Ceramic,Nitride,3.413,,,,,,,,JVASP-88701,JARVIS dft_3d (scraped),,,
Li3CrSiO5,Li3CrSiO5,Ceramic,Oxide,3.706,,,,,,,,JVASP-47760,JARVIS dft_3d (scraped),,,
Mg3NiO4,Mg3NiO4,Ceramic,Oxide,4.371,,,,,,,,JVASP-91608,JARVIS dft_3d (scraped),,,
Li5Ti2Co3O10,Li5Ti2Co3O10,Ceramic,Oxide,4.47,,,,,,,,JVASP-48576,JARVIS dft_3d (scraped),,,
Tl2SnF6,Tl2SnF6,Ceramic,Mixed,6.899,,,,33.06161042944785,,,,JVASP-3096,JARVIS dft_3d (scraped),,,
NiSnF6,NiSnF6,Ceramic,Mixed,4.687,,,,73.86007699061255,,,,JVASP-22617,JARVIS dft_3d (scraped),,,
La2PI2,La2PI2,Ceramic,Mixed,5.249,,,,,,,,JVASP-85271,JARVIS dft_3d (scraped),,,
LiVCuO4,LiVCuO4,Ceramic,Oxide,4.071,,,,,,,,JVASP-48745,JARVIS dft_3d (scraped),,,
Sb,Sb,Ceramic,Elemental,6.665,,,,82.0486388384755,,,,JVASP-14614,JARVIS dft_3d (scraped),,,
Dy3Mn3Ga2Si,Dy3Mn3Ga2Si,Ceramic,Mixed,8.061,,,,46.00224113212782,,,,JVASP-5059,JARVIS dft_3d (scraped),,,
ScNiC2,ScNiC2,Ceramic,Carbide,5.129,,,,,,,,JVASP-90713,JARVIS dft_3d (scraped),,,
Li4CuSi2O7,Li4CuSi2O7,Ceramic,Oxide,3.049,,,,,,,,JVASP-50463,JARVIS dft_3d (scraped),,,
Sn3PO4F3,Sn3PO4F3,Ceramic,Oxide,4.984,,,,47.78065027755749,,,,JVASP-97853,JARVIS dft_3d (scraped),,,
LiMn7O12,LiMn7O12,Ceramic,Oxide,4.724,,,,,,,,JVASP-48232,JARVIS dft_3d (scraped),,,
Zr2Bi2O7,Zr2Bi2O7,Ceramic,Oxide,7.54,,,,,,,,JVASP-50396,JARVIS dft_3d (scraped),,,
WI3O,WI3O,Ceramic,Oxide,6.357,,,,,,,,JVASP-88009,JARVIS dft_3d (scraped),,,
Sr5P3ClO12,Sr5P3ClO12,Ceramic,Oxide,4.093,,,,,,,,JVASP-13907,JARVIS dft_3d (scraped),,,
Na2CoO3,Na2CoO3,Ceramic,Oxide,4.136,,,,,,,,JVASP-44064,JARVIS dft_3d (scraped),,,
RbHSeO4,RbHSeO4,Ceramic,Oxide,3.425,,,,,,,,JVASP-88825,JARVIS dft_3d (scraped),,,
FeO2,FeO2,Ceramic,Oxide,5.538,,,,361.7860412373302,,,,JVASP-42657,JARVIS dft_3d (scraped),,,
LuTaO4,LuTaO4,Ceramic,Oxide,9.769,,,,,,,,JVASP-4492,JARVIS dft_3d (scraped),,,
Ca4Al6SO12,Ca4Al6SO12,Ceramic,Oxide,2.442,,,,,,,,JVASP-97576,JARVIS dft_3d (scraped),,,
VH16C6N6O7F2,VH16C6N6O7F2,Ceramic,Oxide,1.774,,,,,,,,JVASP-98799,JARVIS dft_3d (scraped),,,
LiSmAlF6,LiSmAlF6,Ceramic,Mixed,4.366,,,,,,,,JVASP-13976,JARVIS dft_3d (scraped),,,
LiMnPO4,LiMnPO4,Ceramic,Oxide,3.268,,,,,,,,JVASP-52783,JARVIS dft_3d (scraped),,,
Co3OF5,Co3OF5,Ceramic,Oxide,4.78,,,,,,,,JVASP-44255,JARVIS dft_3d (scraped),,,
K2MnP2O7,K2MnP2O7,Ceramic,Oxide,3.165,,,,,,,,JVASP-98090,JARVIS dft_3d (scraped),,,
FeP3O9,FeP3O9,Ceramic,Oxide,3.056,,,,,,,,JVASP-48310,JARVIS dft_3d (scraped),,,
Sc3RhC4,Sc3RhC4,Ceramic,Carbide,5.086,,,,,,,,JVASP-91794,JARVIS dft_3d (scraped),,,
V4O3F9,V4O3F9,Ceramic,Oxide,3.528,,,,,,,,JVASP-42804,JARVIS dft_3d (scraped),,,
NaLi5N2,NaLi5N2,Ceramic,Nitride,1.45,,,,,,,,JVASP-86845,JARVIS dft_3d (scraped),,,
CoIN2O2,CoIN2O2,Ceramic,Oxide,3.325,,,,,,,,JVASP-97500,JARVIS dft_3d (scraped),,,
Na2TiO3,Na2TiO3,Ceramic,Oxide,3.533,,,,,,,,JVASP-52477,JARVIS dft_3d (scraped),,,
Li2CuO2,Li2CuO2,Ceramic,Oxide,3.682,,,,126.81528035358347,,,,JVASP-15431,JARVIS dft_3d (scraped),,,
Li3CoOF3,Li3CoOF3,Ceramic,Oxide,3.679,,,,,,,,JVASP-48462,JARVIS dft_3d (scraped),,,
LiFeCoO4,LiFeCoO4,Ceramic,Oxide,4.709,,,,,,,,JVASP-47623,JARVIS dft_3d (scraped),,,
BaNiF6,BaNiF6,Ceramic,Mixed,4.671,,,,71.9003782966899,,,,JVASP-85447,JARVIS dft_3d (scraped),,,
LiFe2O2F3,LiFe2O2F3,Ceramic,Oxide,3.685,,,,,,,,JVASP-42721,JARVIS dft_3d (scraped),,,
NdMgSi2,NdMgSi2,Ceramic,Mixed,4.434,,,,,,,,JVASP-86678,JARVIS dft_3d (scraped),,,
Ce2Nd2O7,Ce2Nd2O7,Ceramic,Oxide,6.6,,,,,,,,JVASP-49949,JARVIS dft_3d (scraped),,,
KGaCl4,KGaCl4,Ceramic,Mixed,2.468,,,,,,,,JVASP-97379,JARVIS dft_3d (scraped),,,
La4Ni3O8,La4Ni3O8,Ceramic,Oxide,6.945,,,,,,,,JVASP-86026,JARVIS dft_3d (scraped),,,
Mn6O7F5,Mn6O7F5,Ceramic,Oxide,4.628,,,,,,,,JVASP-42540,JARVIS dft_3d (scraped),,,
TbB3O6,TbB3O6,Ceramic,Oxide,4.82,,,,,,,,JVASP-88121,JARVIS dft_3d (scraped),,,
VOF3,VOF3,Ceramic,Oxide,3.236,,,,34.76379402077527,,,,JVASP-48645,JARVIS dft_3d (scraped),,,
Li2Mn2F7,Li2Mn2F7,Ceramic,Mixed,3.041,,,,,,,,JVASP-48922,JARVIS dft_3d (scraped),,,
RbAlO3,RbAlO3,Ceramic,Oxide,4.399,,,,,,,,JVASP-38346,JARVIS dft_3d (scraped),,,
LiYO3,LiYO3,Ceramic,Oxide,4.894,,,,,,,,JVASP-38540,JARVIS dft_3d (scraped),,,
Tl6TeO6,Tl6TeO6,Ceramic,Oxide,8.443,,,,22.67269623618301,,,,JVASP-4591,JARVIS dft_3d (scraped),,,
RePbClO4,RePbClO4,Ceramic,Oxide,6.767,,,,43.78547120418849,,,,JVASP-86570,JARVIS dft_3d (scraped),,,
RbF3,RbF3,Ceramic,Mixed,3.552,,,,11.570023436536326,,,,JVASP-38312,JARVIS dft_3d (scraped),,,
KH2I3O,KH2I3O,Ceramic,Oxide,3.771,,,,16.34862661902635,,,,JVASP-85785,JARVIS dft_3d (scraped),,,
HoCoSi2,HoCoSi2,Ceramic,Mixed,7.155,,,,,,,,JVASP-87103,JARVIS dft_3d (scraped),,,
RbLiO3,RbLiO3,Ceramic,Oxide,3.368,,,,13.020142180094789,,,,JVASP-38306,JARVIS dft_3d (scraped),,,
V2O3F,V2O3F,Ceramic,Oxide,4.459,,,,,,,,JVASP-42221,JARVIS dft_3d (scraped),,,
LiHS,LiHS,Ceramic,Mixed,1.436,,,,15.443950665622552,,,,JVASP-85713,JARVIS dft_3d (scraped),,,
MnSe2O6,MnSe2O6,Ceramic,Oxide,4.124,,,,81.51346008968609,,,,JVASP-87207,JARVIS dft_3d (scraped),,,
Eu2I2O,Eu2I2O,Ceramic,Oxide,7.115,,,,34.36077664097794,,,,JVASP-85922,JARVIS dft_3d (scraped),,,
NaH2SO4,NaH2SO4,Ceramic,Oxide,2.24,,,,,,,,JVASP-98932,JARVIS dft_3d (scraped),,,
Ag3O4,Ag3O4,Ceramic,Oxide,6.924,,,,,,,,JVASP-85852,JARVIS dft_3d (scraped),,,
CeN,CeN,Ceramic,Nitride,8.022,,,,216.8693498452012,,,,JVASP-14575,JARVIS dft_3d (scraped),,,
Nb2FeO6,Nb2FeO6,Ceramic,Oxide,5.72,,,,,,,,JVASP-88512,JARVIS dft_3d (scraped),,,
SiNi,SiNi,Ceramic,Mixed,6.161,,,,116.6410649720609,,,,JVASP-90627,JARVIS dft_3d (scraped),,,
ThTi2O6,ThTi2O6,Ceramic,Oxide,5.971,,,,186.12088883901015,,,,JVASP-86502,JARVIS dft_3d (scraped),,,
Mn2SiRu,Mn2SiRu,Ceramic,Mixed,8.16,,,,178.10899642183333,,,,JVASP-37194,JARVIS dft_3d (scraped),,,
RbZnO3,RbZnO3,Ceramic,Oxide,4.702,,,,,,,,JVASP-38278,JARVIS dft_3d (scraped),,,
NaSrO3,NaSrO3,Ceramic,Oxide,3.637,,,,,,,,JVASP-38694,JARVIS dft_3d (scraped),,,
RbNiO3,RbNiO3,Ceramic,Oxide,5.237,,,,,,,,JVASP-38325,JARVIS dft_3d (scraped),,,
Ca3La3B5O15,Ca3La3B5O15,Ceramic,Oxide,4.478,,,,,,,,JVASP-98615,JARVIS dft_3d (scraped),,,
La3CuSnS7,La3CuSnS7,Ceramic,Mixed,4.858,,,,,,,,JVASP-98038,JARVIS dft_3d (scraped),,,
MoWSe2S2,MoWSe2S2,Ceramic,Mixed,5.281,,,,,,,,JVASP-28636,JARVIS dft_3d (scraped),,,
RbCrF5,RbCrF5,Ceramic,Mixed,3.7,,,,,,,,JVASP-97916,JARVIS dft_3d (scraped),,,
TmFeO3,TmFeO3,Ceramic,Oxide,7.543,,,,,,,,JVASP-98551,JARVIS dft_3d (scraped),,,
RuPbO3,RuPbO3,Ceramic,Oxide,9.408,,,,107.24267289529806,,,,JVASP-39448,JARVIS dft_3d (scraped),,,
VP4,VP4,Ceramic,Mixed,3.598,,,,204.7684779615932,,,,JVASP-87040,JARVIS dft_3d (scraped),,,
Si2Ru,Si2Ru,Ceramic,Mixed,5.888,,,,240.70787060364805,,,,JVASP-14914,JARVIS dft_3d (scraped),,,
Ca3CdO4,Ca3CdO4,Ceramic,Oxide,4.476,,,,179.79052830277166,,,,JVASP-107773,JARVIS dft_3d (scraped),,,
CdH4S2O5,CdH4S2O5,Ceramic,Oxide,3.108,,,,,,,,JVASP-98439,JARVIS dft_3d (scraped),,,
AgNO3,AgNO3,Ceramic,Oxide,4.598,,,,,,,,JVASP-97854,JARVIS dft_3d (scraped),,,
TlCoF3,TlCoF3,Ceramic,Mixed,7.5,,,,83.53098591549296,,,,JVASP-36885,JARVIS dft_3d (scraped),,,
MnAgO2,MnAgO2,Ceramic,Oxide,6.401,,,,87.38312632052926,,,,JVASP-36782,JARVIS dft_3d (scraped),,,
MnAuO2,MnAuO2,Ceramic,Oxide,9.271,,,,100.94131248737996,,,,JVASP-36857,JARVIS dft_3d (scraped),,,
Li3P7,Li3P7,Ceramic,Mixed,2.021,,,,,,,,JVASP-98496,JARVIS dft_3d (scraped),,,
TeMoWSe2S,TeMoWSe2S,Ceramic,Mixed,5.378,,,,2.2514249525015835,,,,JVASP-28962,JARVIS dft_3d (scraped),,,
B2CN,B2CN,Ceramic,Non-Oxide,3.123,,,,728.6979025389836,,,,JVASP-91700,JARVIS dft_3d (scraped),,,
Na2LiAlP2,Na2LiAlP2,Ceramic,Mixed,2.078,,,,,,,,JVASP-98174,JARVIS dft_3d (scraped),,,
TiS2,TiS2,Ceramic,Mixed,3.224,,,,83.68588116478706,,,,JVASP-323,JARVIS dft_3d (scraped),,,
CdP2O6,CdP2O6,Ceramic,Oxide,3.814,,,,,,,,JVASP-97429,JARVIS dft_3d (scraped),,,
SrCaO3,SrCaO3,Ceramic,Oxide,3.552,,,,77.95876873615153,,,,JVASP-37300,JARVIS dft_3d (scraped),,,
KInO3,KInO3,Ceramic,Oxide,4.306,,,,89.67670878436995,,,,JVASP-38181,JARVIS dft_3d (scraped),,,
RbSrO3,RbSrO3,Ceramic,Oxide,3.339,,,,,,,,JVASP-38289,JARVIS dft_3d (scraped),,,
RbCaO3,RbCaO3,Ceramic,Oxide,3.024,,,,47.67029945735915,,,,JVASP-38327,JARVIS dft_3d (scraped),,,
Mn3O4F2,Mn3O4F2,Ceramic,Oxide,4.655,,,,,,,,JVASP-48092,JARVIS dft_3d (scraped),,,
Mn2FeO3,Mn2FeO3,Ceramic,Oxide,5.729,,,,,,,,JVASP-47532,JARVIS dft_3d (scraped),,,
CrCuO2,CrCuO2,Ceramic,Oxide,6.197,,,,227.31936185409225,,,,JVASP-22557,JARVIS dft_3d (scraped),,,
Mg9Si5,Mg9Si5,Ceramic,Mixed,2.195,,,,,,,,JVASP-97624,JARVIS dft_3d (scraped),,,
NaCrO2,NaCrO2,Ceramic,Oxide,4.614,,,,217.63579806494872,,,,JVASP-22671,JARVIS dft_3d (scraped),,,
CoF2,CoF2,Ceramic,Mixed,5.039,,,,123.51080718348564,,,,JVASP-22514,JARVIS dft_3d (scraped),,,
Tl2MoO4,Tl2MoO4,Ceramic,Oxide,6.905,,,,,,,,JVASP-89035,JARVIS dft_3d (scraped),,,
CeSi2Ir,CeSi2Ir,Ceramic,Mixed,8.64,,,,,,,,JVASP-91521,JARVIS dft_3d (scraped),,,
KBaO3,KBaO3,Ceramic,Oxide,3.036,,,,,,,,JVASP-39244,JARVIS dft_3d (scraped),,,
RbBaO3,RbBaO3,Ceramic,Oxide,3.633,,,,,,,,JVASP-38332,JARVIS dft_3d (scraped),,,
H4PbC2O6,H4PbC2O6,Ceramic,Oxide,3.976,,,,,,,,JVASP-98291,JARVIS dft_3d (scraped),,,
SmSi2Rh3,SmSi2Rh3,Ceramic,Mixed,8.66,,,,,,,,JVASP-86727,JARVIS dft_3d (scraped),,,
CeSiIr,CeSiIr,Ceramic,Mixed,9.435,,,,,,,,JVASP-98702,JARVIS dft_3d (scraped),,,
Rb2O,Rb2O,Ceramic,Oxide,4.002,,,,,,,,JVASP-43624,JARVIS dft_3d (scraped),,,
K2O,K2O,Ceramic,Oxide,2.411,,,,32.60238222412136,,,,JVASP-43427,JARVIS dft_3d (scraped),,,
PrTiO3,PrTiO3,Ceramic,Oxide,6.454,,,,,,,,JVASP-49894,JARVIS dft_3d (scraped),,,
LiCoO2,LiCoO2,Ceramic,Oxide,5.009,,,,237.1455891422896,,,,JVASP-2017,JARVIS dft_3d (scraped),,,
NiAgF3,NiAgF3,Ceramic,Mixed,5.897,,,,,,,,JVASP-36921,JARVIS dft_3d (scraped),,,
K3CrO4,K3CrO4,Ceramic,Oxide,2.632,,,,17.695222554463907,,,,JVASP-3396,JARVIS dft_3d (scraped),,,
Li6TeO6,Li6TeO6,Ceramic,Oxide,3.386,,,,,,,,JVASP-42402,JARVIS dft_3d (scraped),,,
BaAl4O7,BaAl4O7,Ceramic,Oxide,3.575,,,,,,,,JVASP-98355,JARVIS dft_3d (scraped),,,
V2CdP2O10,V2CdP2O10,Ceramic,Oxide,4.358,,,,,,,,JVASP-98801,JARVIS dft_3d (scraped),,,
Na3CuO2,Na3CuO2,Ceramic,Oxide,3.306,,,,79.53468262067557,,,,JVASP-49776,JARVIS dft_3d (scraped),,,
SrV6O11,SrV6O11,Ceramic,Oxide,4.594,,,,,,,,JVASP-98091,JARVIS dft_3d (scraped),,,
Li3TiP2O8,Li3TiP2O8,Ceramic,Oxide,3.008,,,,,,,,JVASP-50691,JARVIS dft_3d (scraped),,,
Te2Mo3S4,Te2Mo3S4,Ceramic,Mixed,5.966,,,,,,,,JVASP-28566,JARVIS dft_3d (scraped),,,
Li3Fe5O10,Li3Fe5O10,Ceramic,Oxide,4.666,,,,,,,,JVASP-47765,JARVIS dft_3d (scraped),,,
NaNdS2,NaNdS2,Ceramic,Mixed,3.986,,,,85.38522906872062,,,,JVASP-53075,JARVIS dft_3d (scraped),,,
TiF3,TiF3,Ceramic,Mixed,2.848,,,,154.18528592434166,,,,JVASP-14874,JARVIS dft_3d (scraped),,,
BaFe2S4,BaFe2S4,Ceramic,Mixed,4.357,,,,72.03888190882371,,,,JVASP-53439,JARVIS dft_3d (scraped),,,
Ba4YSi,Ba4YSi,Ceramic,Mixed,4.339,,,,,,,,JVASP-64788,JARVIS dft_3d (scraped),,,
Ho2SeO2,Ho2SeO2,Ceramic,Oxide,8.571,,,,172.3620476377862,,,,JVASP-3258,JARVIS dft_3d (scraped),,,
Li2CN2,Li2CN2,Ceramic,Nitride,1.538,,,,,,,,JVASP-97577,JARVIS dft_3d (scraped),,,
U3CuO10,U3CuO10,Ceramic,Oxide,7.45,,,,,,,,JVASP-85460,JARVIS dft_3d (scraped),,,
Sm2P3Pt6,Sm2P3Pt6,Ceramic,Mixed,13.165,,,,,,,,JVASP-97739,JARVIS dft_3d (scraped),,,
Ca3Ru2O7,Ca3Ru2O7,Ceramic,Oxide,4.908,,,,,,,,JVASP-98227,JARVIS dft_3d (scraped),,,
SiP2O7,SiP2O7,Ceramic,Non-Oxide,3.086,,,,,,,,JVASP-97338,JARVIS dft_3d (scraped),,,
Fe2OF3,Fe2OF3,Ceramic,Oxide,4.331,,,,,,,,JVASP-47963,JARVIS dft_3d (scraped),,,
NiP2W,NiP2W,Ceramic,Mixed,9.142,,,,,,,,JVASP-90715,JARVIS dft_3d (scraped),,,
SrH4N2,SrH4N2,Ceramic,Nitride,2.425,,,,,,,,JVASP-52889,JARVIS dft_3d (scraped),,,
NiS2,NiS2,Ceramic,Mixed,3.689,,,,27.162933597621407,,,,JVASP-15832,JARVIS dft_3d (scraped),,,
KAl2NiP3H4O14,KAl2NiP3H4O14,Ceramic,Oxide,2.868,,,,,,,,JVASP-98445,JARVIS dft_3d (scraped),,,
CrO3,CrO3,Ceramic,Oxide,3.538,,,,,,,,JVASP-16932,JARVIS dft_3d (scraped),,,
LuGaO3,LuGaO3,Ceramic,Oxide,8.084,,,,51.178882421420255,,,,JVASP-50108,JARVIS dft_3d (scraped),,,
TbS2,TbS2,Ceramic,Mixed,6.19,,,,,,,,JVASP-86969,JARVIS dft_3d (scraped),,,
CaMnSi,CaMnSi,Ceramic,Mixed,3.51,,,,42.71966146582993,,,,JVASP-5065,JARVIS dft_3d (scraped),,,
TiTl2F6,TiTl2F6,Ceramic,Mixed,6.492,,,,36.76292805755396,,,,JVASP-3099,JARVIS dft_3d (scraped),,,
ErH9C5N2O8,ErH9C5N2O8,Ceramic,Oxide,2.698,,,,,,,,JVASP-98616,JARVIS dft_3d (scraped),,,
Ba4PdCl,Ba4PdCl,Ceramic,Mixed,4.794,,,,,,,,JVASP-64247,JARVIS dft_3d (scraped),,,
BeTlP4,BeTlP4,Ceramic,Mixed,3.911,,,,6.367339667458433,,,,JVASP-64987,JARVIS dft_3d (scraped),,,
VOF,VOF,Ceramic,Oxide,4.302,,,,,,,,JVASP-48464,JARVIS dft_3d (scraped),,,
Mg2Ni3P,Mg2Ni3P,Ceramic,Mixed,5.447,,,,,,,,JVASP-16114,JARVIS dft_3d (scraped),,,
V2Te2O9,V2Te2O9,Ceramic,Oxide,4.874,,,,,,,,JVASP-97920,JARVIS dft_3d (scraped),,,
CaNiP2O7,CaNiP2O7,Ceramic,Oxide,3.651,,,,,,,,JVASP-98175,JARVIS dft_3d (scraped),,,
FeMoO4,FeMoO4,Ceramic,Oxide,5.0,,,,,,,,JVASP-98556,JARVIS dft_3d (scraped),,,
Li2TiFe3O8,Li2TiFe3O8,Ceramic,Oxide,4.436,,,,,,,,JVASP-42660,JARVIS dft_3d (scraped),,,
ScPS4,ScPS4,Ceramic,Mixed,2.561,,,,44.048060684699074,,,,JVASP-4510,JARVIS dft_3d (scraped),,,
VBO4,VBO4,Ceramic,Oxide,2.485,,,,,,,,JVASP-44065,JARVIS dft_3d (scraped),,,
Li4TiS4,Li4TiS4,Ceramic,Mixed,1.868,,,,39.91676267281107,,,,JVASP-90534,JARVIS dft_3d (scraped),,,
KNdO2,KNdO2,Ceramic,Oxide,5.02,,,,121.28978347204476,,,,JVASP-50936,JARVIS dft_3d (scraped),,,
LiVF3,LiVF3,Ceramic,Mixed,3.476,,,,,,,,JVASP-48750,JARVIS dft_3d (scraped),,,
KTmO2,KTmO2,Ceramic,Oxide,6.436,,,,155.20885590582378,,,,JVASP-50811,JARVIS dft_3d (scraped),,,
BaNdCo2O5,BaNdCo2O5,Ceramic,Oxide,6.911,,,,,,,,JVASP-90337,JARVIS dft_3d (scraped),,,
LiV2F7,LiV2F7,Ceramic,Mixed,2.964,,,,,,,,JVASP-43524,JARVIS dft_3d (scraped),,,
Li4Ti3V5O16,Li4Ti3V5O16,Ceramic,Oxide,4.017,,,,,,,,JVASP-43844,JARVIS dft_3d (scraped),,,
MgBe2N2,MgBe2N2,Ceramic,Nitride,3.038,,,,404.0594022780498,,,,JVASP-3177,JARVIS dft_3d (scraped),,,
SiPd,SiPd,Ceramic,Mixed,5.569,,,,,,,,JVASP-91657,JARVIS dft_3d (scraped),,,
EuSnP,EuSnP,Ceramic,Mixed,6.588,,,,,,,,JVASP-87913,JARVIS dft_3d (scraped),,,
BaMg2V2O8,BaMg2V2O8,Ceramic,Oxide,4.156,,,,,,,,JVASP-89041,JARVIS dft_3d (scraped),,,
FeSbO4,FeSbO4,Ceramic,Oxide,6.021,,,,,,,,JVASP-46861,JARVIS dft_3d (scraped),,,
Ba3In2P4,Ba3In2P4,Ceramic,Mixed,4.607,,,,,,,,JVASP-88546,JARVIS dft_3d (scraped),,,
NaPN2,NaPN2,Ceramic,Nitride,3.125,,,,233.6186295532378,,,,JVASP-3117,JARVIS dft_3d (scraped),,,
Ni5O4,Ni5O4,Ceramic,Oxide,6.345,,,,,,,,JVASP-90118,JARVIS dft_3d (scraped),,,
AlFePO5,AlFePO5,Ceramic,Oxide,3.157,,,,,,,,JVASP-97389,JARVIS dft_3d (scraped),,,
SiHgP2,SiHgP2,Ceramic,Mixed,5.544,,,,106.61635015831624,,,,JVASP-91567,JARVIS dft_3d (scraped),,,
Sr3Pr2B4O12,Sr3Pr2B4O12,Ceramic,Oxide,4.78,,,,,,,,JVASP-97928,JARVIS dft_3d (scraped),,,
EuAgP,EuAgP,Ceramic,Mixed,7.832,,,,,,,,JVASP-88842,JARVIS dft_3d (scraped),,,
Mg5Si6,Mg5Si6,Ceramic,Mixed,2.395,,,,,,,,JVASP-98811,JARVIS dft_3d (scraped),,,
Y6N2O5,Y6N2O5,Ceramic,Oxide,5.516,,,,,,,,JVASP-42229,JARVIS dft_3d (scraped),,,
V3H4O8,V3H4O8,Ceramic,Oxide,2.652,,,,,,,,JVASP-97505,JARVIS dft_3d (scraped),,,
ZnSeO4,ZnSeO4,Ceramic,Oxide,4.639,,,,,,,,JVASP-49779,JARVIS dft_3d (scraped),,,
Sb2RuC6O6F12,Sb2RuC6O6F12,Ceramic,Oxide,3.122,,,,,,,,JVASP-98619,JARVIS dft_3d (scraped),,,
Sr2CoWO6,Sr2CoWO6,Ceramic,Oxide,6.831,,,,,,,,JVASP-86586,JARVIS dft_3d (scraped),,,
KCrPO4F,KCrPO4F,Ceramic,Oxide,3.19,,,,,,,,JVASP-97684,JARVIS dft_3d (scraped),,,
VCr2C2,VCr2C2,Ceramic,Carbide,6.4,,,,,,,,JVASP-86447,JARVIS dft_3d (scraped),,,
AgF3,AgF3,Ceramic,Mixed,5.003,,,,,,,,JVASP-97997,JARVIS dft_3d (scraped),,,
HoCo3B2,HoCo3B2,Ceramic,Boride,9.292,,,,,,,,JVASP-86505,JARVIS dft_3d (scraped),,,
Tm2ZnS4,Tm2ZnS4,Ceramic,Mixed,5.432,,,,,,,,JVASP-98361,JARVIS dft_3d (scraped),,,
Mn3Se3O10,Mn3Se3O10,Ceramic,Oxide,4.383,,,,,,,,JVASP-98504,JARVIS dft_3d (scraped),,,
CoOF,CoOF,Ceramic,Oxide,5.309,,,,,,,,JVASP-42809,JARVIS dft_3d (scraped),,,
FeS,FeS,Ceramic,Mixed,5.965,,,,,,,,JVASP-85467,JARVIS dft_3d (scraped),,,
EuSbO4,EuSbO4,Ceramic,Oxide,7.137,,,,173.68853680413744,,,,JVASP-89269,JARVIS dft_3d (scraped),,,
Li6MnF8,Li6MnF8,Ceramic,Mixed,3.039,,,,,,,,JVASP-48782,JARVIS dft_3d (scraped),,,
Zr3Al3C5,Zr3Al3C5,Ceramic,Carbide,5.099,,,,,,,,JVASP-98097,JARVIS dft_3d (scraped),,,
HfCl4O16,HfCl4O16,Ceramic,Oxide,3.244,,,,,,,,JVASP-97754,JARVIS dft_3d (scraped),,,
MgVO3,MgVO3,Ceramic,Oxide,2.911,,,,96.7955049918737,,,,JVASP-22559,JARVIS dft_3d (scraped),,,
Rb2RuO4,Rb2RuO4,Ceramic,Oxide,4.06,,,,,,,,JVASP-98238,JARVIS dft_3d (scraped),,,
TeAuCl7,TeAuCl7,Ceramic,Mixed,3.787,,,,,,,,JVASP-5503,JARVIS dft_3d (scraped),,,
Ca5P12Ir19,Ca5P12Ir19,Ceramic,Mixed,12.484,,,,,,,,JVASP-97341,JARVIS dft_3d (scraped),,,
AlPO4,AlPO4,Ceramic,Oxide,4.102,,,,475.3305312742715,,,,JVASP-85370,JARVIS dft_3d (scraped),,,
Li3VCrP4O14,Li3VCrP4O14,Ceramic,Oxide,2.921,,,,,,,,JVASP-48932,JARVIS dft_3d (scraped),,,
Ba4ScSi,Ba4ScSi,Ceramic,Mixed,4.172,,,,,,,,JVASP-64142,JARVIS dft_3d (scraped),,,
Li5MnO3F,Li5MnO3F,Ceramic,Oxide,2.588,,,,,,,,JVASP-48169,JARVIS dft_3d (scraped),,,
Zr2BIr6,Zr2BIr6,Ceramic,Boride,16.607,,,,,,,,JVASP-90174,JARVIS dft_3d (scraped),,,
KNiF3,KNiF3,Ceramic,Mixed,4.046,,,,,,,,JVASP-22620,JARVIS dft_3d (scraped),,,
MgBe2Cl,MgBe2Cl,Ceramic,Mixed,2.031,,,,30.22559004063284,,,,JVASP-65108,JARVIS dft_3d (scraped),,,
NaCaLaF6,NaCaLaF6,Ceramic,Mixed,4.362,,,,,,,,JVASP-107784,JARVIS dft_3d (scraped),,,
K2Ca4Si8O21,K2Ca4Si8O21,Ceramic,Oxide,2.739,,,,,,,,JVASP-98451,JARVIS dft_3d (scraped),,,
Na6CoO4,Na6CoO4,Ceramic,Oxide,2.968,,,,,,,,JVASP-48472,JARVIS dft_3d (scraped),,,
DyP2Pt8,DyP2Pt8,Ceramic,Mixed,16.217,,,,,,,,JVASP-86157,JARVIS dft_3d (scraped),,,
CaNi4B,CaNi4B,Ceramic,Boride,6.295,,,,,,,,JVASP-87046,JARVIS dft_3d (scraped),,,
GaS,GaS,Ceramic,Mixed,3.845,,,,63.38528743451935,,,,JVASP-22517,JARVIS dft_3d (scraped),,,
CaBePO4F,CaBePO4F,Ceramic,Oxide,3.039,,,,,,,,JVASP-97929,JARVIS dft_3d (scraped),,,
Nd7S6Cl9,Nd7S6Cl9,Ceramic,Mixed,4.469,,,,,,,,JVASP-97440,JARVIS dft_3d (scraped),,,
FeSe2NCl6,FeSe2NCl6,Ceramic,Nitride,2.863,,,,,,,,JVASP-98812,JARVIS dft_3d (scraped),,,
Cd2RuC6N6,Cd2RuC6N6,Ceramic,Nitride,3.413,,,,58.34343294252216,,,,JVASP-86104,JARVIS dft_3d (scraped),,,
LiVC2O6,LiVC2O6,Ceramic,Oxide,3.028,,,,,,,,JVASP-47967,JARVIS dft_3d (scraped),,,
TiTlPS5,TiTlPS5,Ceramic,Mixed,3.825,,,,27.343203844613537,,,,JVASP-85928,JARVIS dft_3d (scraped),,,
Li4Co3O3F4,Li4Co3O3F4,Ceramic,Oxide,4.401,,,,,,,,JVASP-48390,JARVIS dft_3d (scraped),,,
Li4Fe5O10,Li4Fe5O10,Ceramic,Oxide,4.707,,,,,,,,JVASP-47769,JARVIS dft_3d (scraped),,,
Ba4YCu3O9,Ba4YCu3O9,Ceramic,Oxide,6.001,,,,,,,,JVASP-88716,JARVIS dft_3d (scraped),,,
Mg3P2H16O16,Mg3P2H16O16,Ceramic,Oxide,2.271,,,,,,,,JVASP-29231,JARVIS dft_3d (scraped),,,
Ba4MgP,Ba4MgP,Ceramic,Mixed,4.046,,,,,,,,JVASP-64683,JARVIS dft_3d (scraped),,,
Na3YCl6,Na3YCl6,Ceramic,Mixed,2.34,,,,,,,,JVASP-53444,JARVIS dft_3d (scraped),,,
Ti2CS,Ti2CS,Ceramic,Carbide,4.62,,,,,,,,JVASP-15261,JARVIS dft_3d (scraped),,,
BaBi4Br2O6,BaBi4Br2O6,Ceramic,Oxide,7.709,,,,,,,,JVASP-86579,JARVIS dft_3d (scraped),,,
Tl3SiTe3,Tl3SiTe3,Ceramic,Mixed,7.041,,,,,,,,JVASP-98092,JARVIS dft_3d (scraped),,,
Nd3CuGeS7,Nd3CuGeS7,Ceramic,Mixed,5.016,,,,,,,,JVASP-97625,JARVIS dft_3d (scraped),,,
P,P,Ceramic,Elemental,2.571,,,,73.30350508077123,,,,JVASP-26,JARVIS dft_3d (scraped),,,
SrAlO3,SrAlO3,Ceramic,Oxide,4.83,,,,,,,,JVASP-37314,JARVIS dft_3d (scraped),,,
HgC2Se2N2,HgC2Se2N2,Ceramic,Nitride,4.509,,,,20.11892410484838,,,,JVASP-86900,JARVIS dft_3d (scraped),,,
SrRuO3,SrRuO3,Ceramic,Oxide,6.357,,,,,,,,JVASP-87209,JARVIS dft_3d (scraped),,,
CdP2H4O4,CdP2H4O4,Ceramic,Oxide,3.039,,,,27.258166610906656,,,,JVASP-29226,JARVIS dft_3d (scraped),,,
KCoO2,KCoO2,Ceramic,Oxide,3.728,,,,78.19064119891875,,,,JVASP-91849,JARVIS dft_3d (scraped),,,
BaB2S3O13,BaB2S3O13,Ceramic,Oxide,3.265,,,,,,,,JVASP-98356,JARVIS dft_3d (scraped),,,
TiSi,TiSi,Ceramic,Mixed,4.182,,,,234.32714490839123,,,,JVASP-15734,JARVIS dft_3d (scraped),,,
RbCdO3,RbCdO3,Ceramic,Oxide,4.902,,,,,,,,JVASP-38326,JARVIS dft_3d (scraped),,,
SiPdO3,SiPdO3,Ceramic,Oxide,6.537,,,,142.5220667552568,,,,JVASP-37208,JARVIS dft_3d (scraped),,,
RbInO3,RbInO3,Ceramic,Oxide,5.132,,,,87.18298804327196,,,,JVASP-38310,JARVIS dft_3d (scraped),,,
K2CrSO7,K2CrSO7,Ceramic,Oxide,2.693,,,,,,,,JVASP-98802,JARVIS dft_3d (scraped),,,
LiSi2BiO6,LiSi2BiO6,Ceramic,Oxide,5.18,,,,,,,,JVASP-50761,JARVIS dft_3d (scraped),,,
Cu3P2O8,Cu3P2O8,Ceramic,Oxide,4.342,,,,121.66125916511878,,,,JVASP-86443,JARVIS dft_3d (scraped),,,
Li2MnO2F,Li2MnO2F,Ceramic,Oxide,3.618,,,,,,,,JVASP-48923,JARVIS dft_3d (scraped),,,
CaO,CaO,Ceramic,Oxide,3.334,,,,192.4361948867298,,,,JVASP-91565,JARVIS dft_3d (scraped),,,
RbFeO3,RbFeO3,Ceramic,Oxide,5.284,,,,,,,,JVASP-38314,JARVIS dft_3d (scraped),,,
Ba4Br6O,Ba4Br6O,Ceramic,Oxide,4.427,,,,,,,,JVASP-52478,JARVIS dft_3d (scraped),,,
NbP,NbP,Ceramic,Mixed,6.302,,,,277.7300728463944,,,,JVASP-16139,JARVIS dft_3d (scraped),,,
Ba4FeCl,Ba4FeCl,Ceramic,Mixed,4.376,,,,,,,,JVASP-64048,JARVIS dft_3d (scraped),,,
RbMnF4,RbMnF4,Ceramic,Mixed,3.918,,,,,,,,JVASP-97855,JARVIS dft_3d (scraped),,,
BaTm2O4,BaTm2O4,Ceramic,Oxide,8.323,,,,,,,,JVASP-52548,JARVIS dft_3d (scraped),,,
Ag2W2O7,Ag2W2O7,Ceramic,Oxide,7.6,,,,,,,,JVASP-88010,JARVIS dft_3d (scraped),,,
ZrNiP2,ZrNiP2,Ceramic,Mixed,5.941,,,,,,,,JVASP-91747,JARVIS dft_3d (scraped),,,
LiCuF4,LiCuF4,Ceramic,Mixed,3.785,,,,18.494891405234824,,,,JVASP-52342,JARVIS dft_3d (scraped),,,
MnFeP2O8,MnFeP2O8,Ceramic,Oxide,3.612,,,,,,,,JVASP-48649,JARVIS dft_3d (scraped),,,
KCuBi2S4,KCuBi2S4,Ceramic,Mixed,5.441,,,,,,,,JVASP-97432,JARVIS dft_3d (scraped),,,
CN2O,CN2O,Ceramic,Non-Oxide,1.679,,,,,,,,JVASP-91795,JARVIS dft_3d (scraped),,,
H3AuC2NCl,H3AuC2NCl,Ceramic,Nitride,4.018,,,,18.72860543542948,,,,JVASP-86206,JARVIS dft_3d (scraped),,,
ZnCu3H6Cl2O6,ZnCu3H6Cl2O6,Ceramic,Oxide,3.595,,,,62.67422896413007,,,,JVASP-12124,JARVIS dft_3d (scraped),,,
UCr4C4,UCr4C4,Ceramic,Carbide,8.553,,,,294.4102047957059,,,,JVASP-15113,JARVIS dft_3d (scraped),,,
ScCr2AgH4O10,ScCr2AgH4O10,Ceramic,Oxide,3.452,,,,,,,,JVASP-86028,JARVIS dft_3d (scraped),,,
Mo3WSe4S4,Mo3WSe4S4,Ceramic,Mixed,4.828,,,,7.63875,,,,JVASP-28637,JARVIS dft_3d (scraped),,,
Ni6OF11,Ni6OF11,Ceramic,Oxide,4.775,,,,,,,,JVASP-42805,JARVIS dft_3d (scraped),,,
LiMnPH2O5,LiMnPH2O5,Ceramic,Oxide,2.635,,,,0.8077360248447206,,,,JVASP-42301,JARVIS dft_3d (scraped),,,
BaIrO3,BaIrO3,Ceramic,Oxide,8.896,,,,,,,,JVASP-97383,JARVIS dft_3d (scraped),,,
CuH4Pb2Cl2O4,CuH4Pb2Cl2O4,Ceramic,Oxide,5.337,,,,,,,,JVASP-85666,JARVIS dft_3d (scraped),,,
C3N4,C3N4,Ceramic,Non-Oxide,3.707,,,,874.8694600974718,,,,JVASP-85272,JARVIS dft_3d (scraped),,,
RbMnO3,RbMnO3,Ceramic,Oxide,5.461,,,,,,,,JVASP-38319,JARVIS dft_3d (scraped),,,
Li4MnF7,Li4MnF7,Ceramic,Mixed,2.498,,,,43.289097744360895,,,,JVASP-48311,JARVIS dft_3d (scraped),,,
Ba2Hf7O16,Ba2Hf7O16,Ceramic,Oxide,9.069,,,,,,,,JVASP-50399,JARVIS dft_3d (scraped),,,
Na2SnO3,Na2SnO3,Ceramic,Oxide,4.816,,,,,,,,JVASP-49950,JARVIS dft_3d (scraped),,,
VO2,VO2,Ceramic,Oxide,4.103,,,,,,,,JVASP-42541,JARVIS dft_3d (scraped),,,
BaAl3P2H2O14,BaAl3P2H2O14,Ceramic,Oxide,3.206,,,,,,,,JVASP-88522,JARVIS dft_3d (scraped),,,
Li4Mn5O10,Li4Mn5O10,Ceramic,Oxide,4.599,,,,,,,,JVASP-48233,JARVIS dft_3d (scraped),,,
CuWO4,CuWO4,Ceramic,Oxide,7.599,,,,150.40687821939588,,,,JVASP-89267,JARVIS dft_3d (scraped),,,
Sr2CoO3,Sr2CoO3,Ceramic,Oxide,5.181,,,,,,,,JVASP-85714,JARVIS dft_3d (scraped),,,
K2FeCuC6N6,K2FeCuC6N6,Ceramic,Nitride,2.368,,,,,,,,JVASP-85366,JARVIS dft_3d (scraped),,,
TlCuHCO4,TlCuHCO4,Ceramic,Oxide,5.409,,,,,,,,JVASP-98935,JARVIS dft_3d (scraped),,,
LiCoOF2,LiCoOF2,Ceramic,Oxide,4.102,,,,,,,,JVASP-42722,JARVIS dft_3d (scraped),,,
Na2BiO3,Na2BiO3,Ceramic,Oxide,5.951,,,,,,,,JVASP-42222,JARVIS dft_3d (scraped),,,
MgPbO3,MgPbO3,Ceramic,Oxide,7.212,,,,23.33765058211358,,,,JVASP-38614,JARVIS dft_3d (scraped),,,
Si2Ni6B,Si2Ni6B,Ceramic,Boride,7.406,,,,220.2449384619737,,,,JVASP-15432,JARVIS dft_3d (scraped),,,
MoW3Se4S4,MoW3Se4S4,Ceramic,Mixed,5.703,,,,,,,,JVASP-28964,JARVIS dft_3d (scraped),,,
Se,Se,Ceramic,Elemental,5.717,,,,48.69793356003138,,,,JVASP-14915,JARVIS dft_3d (scraped),,,
CaNi3P4O14,CaNi3P4O14,Ceramic,Oxide,3.846,,,,,,,,JVASP-87905,JARVIS dft_3d (scraped),,,
Ba3Ta6Si4O23,Ba3Ta6Si4O23,Ceramic,Oxide,5.971,,,,,,,,JVASP-88123,JARVIS dft_3d (scraped),,,
RbTlO3,RbTlO3,Ceramic,Oxide,6.557,,,,,,,,JVASP-38283,JARVIS dft_3d (scraped),,,
TePdO3,TePdO3,Ceramic,Oxide,6.985,,,,,,,,JVASP-37407,JARVIS dft_3d (scraped),,,
Ta2Be2O5,Ta2Be2O5,Ceramic,Oxide,9.59,,,,,,,,JVASP-37424,JARVIS dft_3d (scraped),,,
KHfO3,KHfO3,Ceramic,Oxide,6.119,,,,,,,,JVASP-36897,JARVIS dft_3d (scraped),,,
MnO3,MnO3,Ceramic,Oxide,4.418,,,,,,,,JVASP-90431,JARVIS dft_3d (scraped),,,
Rb6Si2O7,Rb6Si2O7,Ceramic,Oxide,3.944,,,,,,,,JVASP-98363,JARVIS dft_3d (scraped),,,
NbFeO4,NbFeO4,Ceramic,Oxide,4.628,,,,,,,,JVASP-43030,JARVIS dft_3d (scraped),,,
SrLiCoF6,SrLiCoF6,Ceramic,Mixed,3.845,,,,,,,,JVASP-88159,JARVIS dft_3d (scraped),,,
VClO,VClO,Ceramic,Oxide,3.46,,,,2.722888044431453,,,,JVASP-3753,JARVIS dft_3d (scraped),,,
Fe3O4,Fe3O4,Ceramic,Oxide,5.694,,,,,,,,JVASP-87334,JARVIS dft_3d (scraped),,,
Nd4Ge3S12,Nd4Ge3S12,Ceramic,Mixed,4.509,,,,,,,,JVASP-97633,JARVIS dft_3d (scraped),,,
PuTaC2,PuTaC2,Ceramic,Carbide,14.244,,,,,,,,JVASP-107743,JARVIS dft_3d (scraped),,,
BaH4O6,BaH4O6,Ceramic,Oxide,3.322,,,,,,,,JVASP-97506,JARVIS dft_3d (scraped),,,
SmZrF7,SmZrF7,Ceramic,Mixed,4.382,,,,,,,,JVASP-97342,JARVIS dft_3d (scraped),,,
CuO,CuO,Ceramic,Oxide,4.039,,,,1.1613628620102214,,,,JVASP-91612,JARVIS dft_3d (scraped),,,
RbFeS2,RbFeS2,Ceramic,Mixed,3.5,,,,37.13987232807816,,,,JVASP-91750,JARVIS dft_3d (scraped),,,
Ba4CoCl,Ba4CoCl,Ceramic,Mixed,4.461,,,,,,,,JVASP-64803,JARVIS dft_3d (scraped),,,
Rb2PtCl6,Rb2PtCl6,Ceramic,Mixed,3.988,,,,26.92766132588564,,,,JVASP-3657,JARVIS dft_3d (scraped),,,
BaH2C2O4,BaH2C2O4,Ceramic,Oxide,3.265,,,,,,,,JVASP-98620,JARVIS dft_3d (scraped),,,
TmSi2Ni2,TmSi2Ni2,Ceramic,Mixed,7.676,,,,,,,,JVASP-15389,JARVIS dft_3d (scraped),,,
HfReSi,HfReSi,Ceramic,Mixed,13.619,,,,,,,,JVASP-89977,JARVIS dft_3d (scraped),,,
KPSe6,KPSe6,Ceramic,Mixed,4.047,,,,,,,,JVASP-97998,JARVIS dft_3d (scraped),,,
ZrUN2,ZrUN2,Ceramic,Nitride,11.188,,,,323.94948494885887,,,,JVASP-91852,JARVIS dft_3d (scraped),,,
TlNO2,TlNO2,Ceramic,Oxide,6.138,,,,26.40964689749743,,,,JVASP-53082,JARVIS dft_3d (scraped),,,
YbCO3,YbCO3,Ceramic,Oxide,6.511,,,,,,,,JVASP-50695,JARVIS dft_3d (scraped),,,
LiMnF4,LiMnF4,Ceramic,Mixed,3.591,,,,,,,,JVASP-48653,JARVIS dft_3d (scraped),,,
Tm4B6O15,Tm4B6O15,Ceramic,Oxide,4.585,,,,,,,,JVASP-50404,JARVIS dft_3d (scraped),,,
Li2Co4O7F,Li2Co4O7F,Ceramic,Oxide,4.853,,,,,,,,JVASP-42308,JARVIS dft_3d (scraped),,,
Ca2AlH10ClO8,Ca2AlH10ClO8,Ceramic,Oxide,1.794,,,,,,,,JVASP-97930,JARVIS dft_3d (scraped),,,
Nb5Si3,Nb5Si3,Ceramic,Mixed,6.951,,,,,,,,JVASP-98190,JARVIS dft_3d (scraped),,,
Ce2Si2O7,Ce2Si2O7,Ceramic,Oxide,4.798,,,,,,,,JVASP-97755,JARVIS dft_3d (scraped),,,
LiAlB14,LiAlB14,Ceramic,Boride,2.498,,,,,,,,JVASP-88373,JARVIS dft_3d (scraped),,,
K2NdP5O15,K2NdP5O15,Ceramic,Oxide,3.179,,,,,,,,JVASP-97442,JARVIS dft_3d (scraped),,,
V6O11F,V6O11F,Ceramic,Oxide,4.559,,,,,,,,JVASP-42544,JARVIS dft_3d (scraped),,,
NaGe2P3O12,NaGe2P3O12,Ceramic,Oxide,3.642,,,,,,,,JVASP-98239,JARVIS dft_3d (scraped),,,
Sm2Co7B3,Sm2Co7B3,Ceramic,Boride,8.735,,,,,,,,JVASP-98505,JARVIS dft_3d (scraped),,,
CoSbO4,CoSbO4,Ceramic,Oxide,5.718,,,,196.8791894600652,,,,JVASP-43066,JARVIS dft_3d (scraped),,,
YBrO,YBrO,Ceramic,Oxide,4.863,,,,64.79582891523204,,,,JVASP-12049,JARVIS dft_3d (scraped),,,
Sn2BF7,Sn2BF7,Ceramic,Boride,4.074,,,,,,,,JVASP-97814,JARVIS dft_3d (scraped),,,
CaZr4P6O24,CaZr4P6O24,Ceramic,Oxide,3.146,,,,,,,,JVASP-97864,JARVIS dft_3d (scraped),,,
Li3SbS4,Li3SbS4,Ceramic,Mixed,2.051,,,,17.130143540669856,,,,JVASP-42666,JARVIS dft_3d (scraped),,,
LiFeO2,LiFeO2,Ceramic,Oxide,4.768,,,,,,,,JVASP-48101,JARVIS dft_3d (scraped),,,
N,N,Ceramic,Elemental,0.683,,,,-22.64224832214765,,,,JVASP-1759,JARVIS dft_3d (scraped),,,
PbS,PbS,Ceramic,Mixed,7.218,,,,52.06274690886888,,,,JVASP-28356,JARVIS dft_3d (scraped),,,
Mn3O2F4,Mn3O2F4,Ceramic,Oxide,4.332,,,,,,,,JVASP-42726,JARVIS dft_3d (scraped),,,
Na2O,Na2O,Ceramic,Oxide,2.633,,,,78.74326955692177,,,,JVASP-43637,JARVIS dft_3d (scraped),,,
Sr3Fe2O7,Sr3Fe2O7,Ceramic,Oxide,5.505,,,,,,,,JVASP-97343,JARVIS dft_3d (scraped),,,
K2Ca3Si3O10,K2Ca3Si3O10,Ceramic,Oxide,2.996,,,,,,,,JVASP-98452,JARVIS dft_3d (scraped),,,
LiFe2F5,LiFe2F5,Ceramic,Mixed,3.798,,,,,,,,JVASP-44082,JARVIS dft_3d (scraped),,,
Li4CuF7,Li4CuF7,Ceramic,Mixed,2.631,,,,,,,,JVASP-50767,JARVIS dft_3d (scraped),,,
EuTaO4,EuTaO4,Ceramic,Oxide,8.545,,,,,,,,JVASP-86448,JARVIS dft_3d (scraped),,,
VCu3O4,VCu3O4,Ceramic,Oxide,5.368,,,,,,,,JVASP-89270,JARVIS dft_3d (scraped),,,
BeP4Rh,BeP4Rh,Ceramic,Mixed,4.466,,,,,,,,JVASP-65032,JARVIS dft_3d (scraped),,,
NiRuO3,NiRuO3,Ceramic,Oxide,6.735,,,,,,,,JVASP-38648,JARVIS dft_3d (scraped),,,
Ce7O12,Ce7O12,Ceramic,Oxide,6.584,,,,,,,,JVASP-86377,JARVIS dft_3d (scraped),,,
CrO,CrO,Ceramic,Oxide,4.91,,,,,,,,JVASP-107785,JARVIS dft_3d (scraped),,,
BiP4HO12,BiP4HO12,Ceramic,Oxide,3.877,,,,,,,,JVASP-98366,JARVIS dft_3d (scraped),,,
TaP4S5Cl5,TaP4S5Cl5,Ceramic,Mixed,2.846,,,,,,,,JVASP-97634,JARVIS dft_3d (scraped),,,
LiVSi2O6,LiVSi2O6,Ceramic,Oxide,3.32,,,,,,,,JVASP-97999,JARVIS dft_3d (scraped),,,
TaReSi,TaReSi,Ceramic,Mixed,14.469,,,,,,,,JVASP-90239,JARVIS dft_3d (scraped),,,
YbBa2SbO6,YbBa2SbO6,Ceramic,Oxide,5.496,,,,,,,,JVASP-98192,JARVIS dft_3d (scraped),,,
Rb4CO4,Rb4CO4,Ceramic,Oxide,4.051,,,,,,,,JVASP-97865,JARVIS dft_3d (scraped),,,
Na3Co2SbO6,Na3Co2SbO6,Ceramic,Oxide,5.014,,,,,,,,JVASP-89042,JARVIS dft_3d (scraped),,,
RuN6Cl2,RuN6Cl2,Ceramic,Nitride,3.393,,,,,,,,JVASP-90343,JARVIS dft_3d (scraped),,,
Li6MnO2F4,Li6MnO2F4,Ceramic,Oxide,2.272,,,,,,,,JVASP-48314,JARVIS dft_3d (scraped),,,
MnPS3,MnPS3,Ceramic,Mixed,2.94,,,,50.39398568019093,,,,JVASP-4603,JARVIS dft_3d (scraped),,,
Ca4Ni3C5,Ca4Ni3C5,Ceramic,Carbide,3.511,,,,,,,,JVASP-88565,JARVIS dft_3d (scraped),,,
Rb2CoF6,Rb2CoF6,Ceramic,Mixed,3.87,,,,26.802919708029197,,,,JVASP-22621,JARVIS dft_3d (scraped),,,
ZnCoO2,ZnCoO2,Ceramic,Oxide,6.646,,,,,,,,JVASP-44249,JARVIS dft_3d (scraped),,,
Li3MnF6,Li3MnF6,Ceramic,Mixed,3.177,,,,,,,,JVASP-48580,JARVIS dft_3d (scraped),,,
KAgO3,KAgO3,Ceramic,Oxide,4.601,,,,,,,,JVASP-38515,JARVIS dft_3d (scraped),,,
LiMnP,LiMnP,Ceramic,Mixed,3.694,,,,107.90615218491648,,,,JVASP-88017,JARVIS dft_3d (scraped),,,
Sr3Hf2O7,Sr3Hf2O7,Ceramic,Oxide,6.912,,,,,,,,JVASP-52552,JARVIS dft_3d (scraped),,,
TlCuHSeO5,TlCuHSeO5,Ceramic,Oxide,5.711,,,,,,,,JVASP-85793,JARVIS dft_3d (scraped),,,
Ba3Nb2CoO9,Ba3Nb2CoO9,Ceramic,Oxide,6.334,,,,,,,,JVASP-86588,JARVIS dft_3d (scraped),,,
Li4MnO2F2,Li4MnO2F2,Ceramic,Oxide,2.694,,,,,,,,JVASP-48805,JARVIS dft_3d (scraped),,,
LiMnO4,LiMnO4,Ceramic,Oxide,2.937,,,,,,,,JVASP-98001,JARVIS dft_3d (scraped),,,
Ca3Ni7B2,Ca3Ni7B2,Ceramic,Boride,5.665,,,,,,,,JVASP-87047,JARVIS dft_3d (scraped),,,
K2Al2B2O7,K2Al2B2O7,Ceramic,Oxide,2.459,,,,,,,,JVASP-97443,JARVIS dft_3d (scraped),,,
Li3Fe7O12,Li3Fe7O12,Ceramic,Oxide,5.09,,,,,,,,JVASP-47772,JARVIS dft_3d (scraped),,,
BeTcCl4,BeTcCl4,Ceramic,Mixed,3.026,,,,,,,,JVASP-65033,JARVIS dft_3d (scraped),,,
Li4MnV3O8,Li4MnV3O8,Ceramic,Oxide,4.182,,,,,,,,JVASP-48391,JARVIS dft_3d (scraped),,,
SmMnSi2,SmMnSi2,Ceramic,Mixed,6.187,,,,178.01469224658788,,,,JVASP-91798,JARVIS dft_3d (scraped),,,
CdSO3,CdSO3,Ceramic,Oxide,4.307,,,,,,,,JVASP-97866,JARVIS dft_3d (scraped),,,
Li2CoO2F,Li2CoO2F,Ceramic,Oxide,4.221,,,,,,,,JVASP-48474,JARVIS dft_3d (scraped),,,
K3CO3F,K3CO3F,Ceramic,Oxide,2.537,,,,44.67023554603854,,,,JVASP-87109,JARVIS dft_3d (scraped),,,
Ba4PPb,Ba4PPb,Ceramic,Mixed,5.586,,,,,,,,JVASP-63973,JARVIS dft_3d (scraped),,,
FeSO4,FeSO4,Ceramic,Oxide,3.6,,,,,,,,JVASP-97344,JARVIS dft_3d (scraped),,,
MgMnF6,MgMnF6,Ceramic,Mixed,3.486,,,,,,,,JVASP-107786,JARVIS dft_3d (scraped),,,
K2PdO2,K2PdO2,Ceramic,Oxide,4.411,,,,83.2087804983561,,,,JVASP-22560,JARVIS dft_3d (scraped),,,
CaB3H5O8,CaB3H5O8,Ceramic,Oxide,2.454,,,,,,,,JVASP-97636,JARVIS dft_3d (scraped),,,
LiBe2Cl,LiBe2Cl,Ceramic,Mixed,1.679,,,,38.44421146245059,,,,JVASP-65075,JARVIS dft_3d (scraped),,,
Ca3Mn2Si3O12,Ca3Mn2Si3O12,Ceramic,Oxide,3.794,,,,,,,,JVASP-97685,JARVIS dft_3d (scraped),,,
LuNbO4,LuNbO4,Ceramic,Oxide,7.678,,,,185.1488189879086,,,,JVASP-85717,JARVIS dft_3d (scraped),,,
K4CO4,K4CO4,Ceramic,Oxide,2.651,,,,21.76689329758713,,,,JVASP-87220,JARVIS dft_3d (scraped),,,
InCu6ClO8,InCu6ClO8,Ceramic,Oxide,5.631,,,,,,,,JVASP-85469,JARVIS dft_3d (scraped),,,
La2MoO6,La2MoO6,Ceramic,Oxide,6.121,,,,,,,,JVASP-90543,JARVIS dft_3d (scraped),,,
Cu5Si2S7,Cu5Si2S7,Ceramic,Mixed,3.985,,,,,,,,JVASP-98508,JARVIS dft_3d (scraped),,,
RbBiC4S4N4,RbBiC4S4N4,Ceramic,Nitride,3.174,,,,,,,,JVASP-88718,JARVIS dft_3d (scraped),,,
LiVF4,LiVF4,Ceramic,Mixed,2.742,,,,,,,,JVASP-42233,JARVIS dft_3d (scraped),,,
Ba3Te4O11,Ba3Te4O11,Ceramic,Oxide,5.438,,,,,,,,JVASP-98367,JARVIS dft_3d (scraped),,,
TmPaO4,TmPaO4,Ceramic,Oxide,10.097,,,,,,,,JVASP-53445,JARVIS dft_3d (scraped),,,
Na4WO4,Na4WO4,Ceramic,Oxide,4.558,,,,,,,,JVASP-42416,JARVIS dft_3d (scraped),,,
CaHfO3,CaHfO3,Ceramic,Oxide,6.928,,,,247.6189929566912,,,,JVASP-49953,JARVIS dft_3d (scraped),,,
Ba4VCl,Ba4VCl,Ceramic,Mixed,4.174,,,,,,,,JVASP-64686,JARVIS dft_3d (scraped),,,
KH3SO6,KH3SO6,Ceramic,Oxide,2.207,,,,,,,,JVASP-98623,JARVIS dft_3d (scraped),,,
Ba4SiSn,Ba4SiSn,Ceramic,Mixed,4.866,,,,,,,,JVASP-64110,JARVIS dft_3d (scraped),,,
MgB12C2,MgB12C2,Ceramic,Carbide,2.703,,,,,,,,JVASP-88165,JARVIS dft_3d (scraped),,,
AuSeCl7,AuSeCl7,Ceramic,Mixed,3.59,,,,,,,,JVASP-5506,JARVIS dft_3d (scraped),,,
RbPrP3HO10,RbPrP3HO10,Ceramic,Oxide,3.638,,,,,,,,JVASP-98108,JARVIS dft_3d (scraped),,,
K2Ta15O32,K2Ta15O32,Ceramic,Oxide,8.61,,,,,,,,JVASP-97816,JARVIS dft_3d (scraped),,,
Ba4BeP,Ba4BeP,Ceramic,Mixed,4.23,,,,,,,,JVASP-63976,JARVIS dft_3d (scraped),,,
CeAlO3,CeAlO3,Ceramic,Oxide,6.624,,,,330.9116137759095,,,,JVASP-86506,JARVIS dft_3d (scraped),,,
CeP2,CeP2,Ceramic,Mixed,5.389,,,,123.14041715944522,,,,JVASP-86682,JARVIS dft_3d (scraped),,,
MnTlCl3,MnTlCl3,Ceramic,Mixed,4.865,,,,,,,,JVASP-98737,JARVIS dft_3d (scraped),,,
Li4CoO2F2,Li4CoO2F2,Ceramic,Oxide,2.912,,,,84.52439951035953,,,,JVASP-42811,JARVIS dft_3d (scraped),,,
Li2V3S6,Li2V3S6,Ceramic,Mixed,2.962,,,,,,,,JVASP-50405,JARVIS dft_3d (scraped),,,
Ba4TcCl,Ba4TcCl,Ceramic,Mixed,5.019,,,,,,,,JVASP-64111,JARVIS dft_3d (scraped),,,
Ca3SiBr2,Ca3SiBr2,Ceramic,Mixed,2.787,,,,,,,,JVASP-86279,JARVIS dft_3d (scraped),,,
BiPO4,BiPO4,Ceramic,Oxide,6.234,,,,,,,,JVASP-85930,JARVIS dft_3d (scraped),,,
TbSi2Pd2,TbSi2Pd2,Ceramic,Mixed,8.185,,,,141.09130091465423,,,,JVASP-15346,JARVIS dft_3d (scraped),,,
Ba2CaB6O12,Ba2CaB6O12,Ceramic,Oxide,3.614,,,,,,,,JVASP-88374,JARVIS dft_3d (scraped),,,
Y6TeO12,Y6TeO12,Ceramic,Oxide,5.417,,,,,,,,JVASP-49780,JARVIS dft_3d (scraped),,,
K2ZrCdH16C8O24,K2ZrCdH16C8O24,Ceramic,Oxide,2.333,,,,,,,,JVASP-97757,JARVIS dft_3d (scraped),,,
HgC2N2,HgC2N2,Ceramic,Nitride,4.177,,,,,,,,JVASP-98831,JARVIS dft_3d (scraped),,,
Be2SiBi,Be2SiBi,Ceramic,Mixed,6.036,,,,,,,,JVASP-64881,JARVIS dft_3d (scraped),,,
Ba4SiHg,Ba4SiHg,Ceramic,Mixed,5.357,,,,,,,,JVASP-64555,JARVIS dft_3d (scraped),,,
ZnH4C2O6,ZnH4C2O6,Ceramic,Oxide,2.612,,,,,,,,JVASP-32216,JARVIS dft_3d (scraped),,,
Rb3InO3,Rb3InO3,Ceramic,Oxide,4.439,,,,,,,,JVASP-42545,JARVIS dft_3d (scraped),,,
ErB4Rh4,ErB4Rh4,Ceramic,Boride,9.806,,,,,,,,JVASP-98193,JARVIS dft_3d (scraped),,,
V4OF11,V4OF11,Ceramic,Oxide,3.62,,,,,,,,JVASP-42312,JARVIS dft_3d (scraped),,,
Cd4GeS6,Cd4GeS6,Ceramic,Mixed,4.49,,,,,,,,JVASP-97394,JARVIS dft_3d (scraped),,,
CoO2,CoO2,Ceramic,Oxide,2.271,,,,126.82423315219272,,,,JVASP-12019,JARVIS dft_3d (scraped),,,
LiNiPO4,LiNiPO4,Ceramic,Oxide,3.953,,,,,,,,JVASP-47969,JARVIS dft_3d (scraped),,,
SrCrO3,SrCrO3,Ceramic,Oxide,5.533,,,,,,,,JVASP-107788,JARVIS dft_3d (scraped),,,
Na3P,Na3P,Ceramic,Mixed,1.778,,,,,,,,JVASP-2148,JARVIS dft_3d (scraped),,,
Ta6Fe16Si7,Ta6Fe16Si7,Ceramic,Mixed,10.328,,,,,,,,JVASP-98049,JARVIS dft_3d (scraped),,,
Mn3O5F,Mn3O5F,Ceramic,Oxide,4.904,,,,,,,,JVASP-48103,JARVIS dft_3d (scraped),,,
Ba4TiSi,Ba4TiSi,Ceramic,Mixed,4.358,,,,,,,,JVASP-64064,JARVIS dft_3d (scraped),,,
Fe2O3,Fe2O3,Ceramic,Oxide,6.084,,,,,,,,JVASP-87336,JARVIS dft_3d (scraped),,,
Ba4GaSi,Ba4GaSi,Ceramic,Mixed,4.513,,,,,,,,JVASP-63980,JARVIS dft_3d (scraped),,,
WOF4,WOF4,Ceramic,Oxide,5.595,,,,51.69529573087119,,,,JVASP-48933,JARVIS dft_3d (scraped),,,
KMn6P7O24,KMn6P7O24,Ceramic,Oxide,3.561,,,,,,,,JVASP-98002,JARVIS dft_3d (scraped),,,
YbO,YbO,Ceramic,Oxide,12.03,,,,240.03195266272184,,,,JVASP-1291,JARVIS dft_3d (scraped),,,
Cu2OF2,Cu2OF2,Ceramic,Oxide,3.655,,,,,,,,JVASP-50768,JARVIS dft_3d (scraped),,,
K2SnO6,K2SnO6,Ceramic,Oxide,3.904,,,,,,,,JVASP-90344,JARVIS dft_3d (scraped),,,
As2PbO4,As2PbO4,Ceramic,Oxide,5.919,,,,,,,,JVASP-97817,JARVIS dft_3d (scraped),,,
CeSi2Ag,CeSi2Ag,Ceramic,Mixed,6.464,,,,,,,,JVASP-90861,JARVIS dft_3d (scraped),,,
LaMnO3,LaMnO3,Ceramic,Oxide,6.671,,,,,,,,JVASP-97345,JARVIS dft_3d (scraped),,,
Li2CrO3,Li2CrO3,Ceramic,Oxide,3.792,,,,,,,,JVASP-48654,JARVIS dft_3d (scraped),,,
V3Pb5ClO12,V3Pb5ClO12,Ceramic,Oxide,6.815,,,,,,,,JVASP-97508,JARVIS dft_3d (scraped),,,
TbCo2Si2,TbCo2Si2,Ceramic,Mixed,7.448,,,,224.32968901384908,,,,JVASP-15183,JARVIS dft_3d (scraped),,,
Sm2Fe2O5,Sm2Fe2O5,Ceramic,Oxide,7.673,,,,,,,,JVASP-90120,JARVIS dft_3d (scraped),,,
K4Nb11Al2O20F,K4Nb11Al2O20F,Ceramic,Oxide,5.175,,,,,,,,JVASP-97867,JARVIS dft_3d (scraped),,,
La2SiO5,La2SiO5,Ceramic,Oxide,5.469,,,,,,,,JVASP-98509,JARVIS dft_3d (scraped),,,
In3NO3,In3NO3,Ceramic,Oxide,6.833,,,,,,,,JVASP-44085,JARVIS dft_3d (scraped),,,
CeS2,CeS2,Ceramic,Mixed,5.181,,,,,,,,JVASP-97590,JARVIS dft_3d (scraped),,,
BeCrP,BeCrP,Ceramic,Mixed,4.295,,,,,,,,JVASP-65114,JARVIS dft_3d (scraped),,,
Li2BPt3,Li2BPt3,Ceramic,Boride,12.689,,,,,,,,JVASP-87919,JARVIS dft_3d (scraped),,,
Li3FeF6,Li3FeF6,Ceramic,Mixed,3.005,,,,,,,,JVASP-43762,JARVIS dft_3d (scraped),,,
MgH6Br2N2,MgH6Br2N2,Ceramic,Nitride,2.614,,,,,,,,JVASP-97933,JARVIS dft_3d (scraped),,,
Zr2Cr4Si5,Zr2Cr4Si5,Ceramic,Mixed,5.795,,,,,,,,JVASP-98738,JARVIS dft_3d (scraped),,,
Ba4BeSi,Ba4BeSi,Ceramic,Mixed,4.112,,,,,,,,JVASP-63936,JARVIS dft_3d (scraped),,,
CeSiHRu,CeSiHRu,Ceramic,Mixed,7.193,,,,167.55790503088213,,,,JVASP-85372,JARVIS dft_3d (scraped),,,
Ba2ZrO4,Ba2ZrO4,Ceramic,Oxide,5.913,,,,155.57708605826397,,,,JVASP-87050,JARVIS dft_3d (scraped),,,
Rb2PbO3,Rb2PbO3,Ceramic,Oxide,5.72,,,,,,,,JVASP-88845,JARVIS dft_3d (scraped),,,
Sm4Si2Se3O7,Sm4Si2Se3O7,Ceramic,Oxide,6.452,,,,,,,,JVASP-98457,JARVIS dft_3d (scraped),,,
Ba4SiTe,Ba4SiTe,Ceramic,Mixed,4.988,,,,,,,,JVASP-64026,JARVIS dft_3d (scraped),,,
SrH16O10,SrH16O10,Ceramic,Oxide,2.065,,,,,,,,JVASP-98303,JARVIS dft_3d (scraped),,,
CeMg6B,CeMg6B,Ceramic,Boride,2.814,,,,,,,,JVASP-90447,JARVIS dft_3d (scraped),,,
KAlO2,KAlO2,Ceramic,Oxide,2.829,,,,,,,,JVASP-98241,JARVIS dft_3d (scraped),,,
Ca2BClO3,Ca2BClO3,Ceramic,Oxide,2.775,,,,,,,,JVASP-98052,JARVIS dft_3d (scraped),,,
Ba4RuCl,Ba4RuCl,Ceramic,Mixed,4.987,,,,,,,,JVASP-63986,JARVIS dft_3d (scraped),,,
Ba4BeCl,Ba4BeCl,Ceramic,Mixed,3.825,,,,,,,,JVASP-64152,JARVIS dft_3d (scraped),,,
Ba5V5O14,Ba5V5O14,Ceramic,Oxide,5.509,,,,,,,,JVASP-89043,JARVIS dft_3d (scraped),,,
Rb3CO3F,Rb3CO3F,Ceramic,Oxide,3.723,,,,,,,,JVASP-87110,JARVIS dft_3d (scraped),,,
Li2CoSnO4,Li2CoSnO4,Ceramic,Oxide,5.399,,,,,,,,JVASP-43643,JARVIS dft_3d (scraped),,,
LiVOF3,LiVOF3,Ceramic,Oxide,3.565,,,,,,,,JVASP-48806,JARVIS dft_3d (scraped),,,
FeSb2O6,FeSb2O6,Ceramic,Oxide,6.147,,,,,,,,JVASP-89293,JARVIS dft_3d (scraped),,,
HgSb2O6,HgSb2O6,Ceramic,Oxide,7.299,,,,103.7150510463904,,,,JVASP-23437,JARVIS dft_3d (scraped),,,
CeNiAsO,CeNiAsO,Ceramic,Oxide,7.576,,,,,,,,JVASP-91527,JARVIS dft_3d (scraped),,,
H10PtCN8O2,H10PtCN8O2,Ceramic,Oxide,3.019,,,,,,,,JVASP-98110,JARVIS dft_3d (scraped),,,
V3OF7,V3OF7,Ceramic,Oxide,3.425,,,,,,,,JVASP-48581,JARVIS dft_3d (scraped),,,
Li3Fe4B4O12,Li3Fe4B4O12,Ceramic,Oxide,3.469,,,,,,,,JVASP-42920,JARVIS dft_3d (scraped),,,
Fe8O9,Fe8O9,Ceramic,Oxide,5.673,,,,,,,,JVASP-48315,JARVIS dft_3d (scraped),,,
Ba3Zn5In2O11,Ba3Zn5In2O11,Ceramic,Oxide,6.201,,,,,,,,JVASP-97445,JARVIS dft_3d (scraped),,,
K2SnO2,K2SnO2,Ceramic,Oxide,3.485,,,,,,,,JVASP-52553,JARVIS dft_3d (scraped),,,
VPbO3,VPbO3,Ceramic,Oxide,7.481,,,,,,,,JVASP-107789,JARVIS dft_3d (scraped),,,
Fe6O11F,Fe6O11F,Ceramic,Oxide,5.402,,,,,,,,JVASP-42728,JARVIS dft_3d (scraped),,,
KNO3,KNO3,Ceramic,Oxide,2.217,,,,,,,,JVASP-98510,JARVIS dft_3d (scraped),,,
La2CrO6,La2CrO6,Ceramic,Oxide,6.077,,,,,,,,JVASP-90544,JARVIS dft_3d (scraped),,,
Ba2LaIrO6,Ba2LaIrO6,Ceramic,Oxide,7.261,,,,,,,,JVASP-87221,JARVIS dft_3d (scraped),,,
AlFeF5,AlFeF5,Ceramic,Mixed,3.741,,,,178.30992196308168,,,,JVASP-22622,JARVIS dft_3d (scraped),,,
Tb2B2C3,Tb2B2C3,Ceramic,Carbide,7.489,,,,,,,,JVASP-86735,JARVIS dft_3d (scraped),,,
PrSi2Cu2,PrSi2Cu2,Ceramic,Mixed,6.325,,,,175.3050928509818,,,,JVASP-15302,JARVIS dft_3d (scraped),,,
Ba4GaCl,Ba4GaCl,Ceramic,Mixed,4.264,,,,-7.899112404510731,,,,JVASP-64340,JARVIS dft_3d (scraped),,,
KCuCl3,KCuCl3,Ceramic,Mixed,2.799,,,,,,,,JVASP-97511,JARVIS dft_3d (scraped),,,
CoCu2SnS4,CoCu2SnS4,Ceramic,Mixed,4.589,,,,68.8314596235082,,,,JVASP-91854,JARVIS dft_3d (scraped),,,
Rb4NO,Rb4NO,Ceramic,Oxide,3.745,,,,28.664785110811803,,,,JVASP-38157,JARVIS dft_3d (scraped),,,
CeSi3N5,CeSi3N5,Ceramic,Nitride,4.58,,,,,,,,JVASP-98372,JARVIS dft_3d (scraped),,,
Ca3Mn2O7,Ca3Mn2O7,Ceramic,Oxide,4.215,,,,,,,,JVASP-98004,JARVIS dft_3d (scraped),,,
Sr8Fe3N8,Sr8Fe3N8,Ceramic,Nitride,4.578,,,,,,,,JVASP-85285,JARVIS dft_3d (scraped),,,
YbCo2Si2,YbCo2Si2,Ceramic,Mixed,7.77,,,,,,,,JVASP-86507,JARVIS dft_3d (scraped),,,
PrClO2,PrClO2,Ceramic,Oxide,4.632,,,,39.931608690192135,,,,JVASP-90719,JARVIS dft_3d (scraped),,,
K11LiMn4O16,K11LiMn4O16,Ceramic,Oxide,2.824,,,,,,,,JVASP-88720,JARVIS dft_3d (scraped),,,
Nd2BC,Nd2BC,Ceramic,Carbide,5.979,,,,,,,,JVASP-91996,JARVIS dft_3d (scraped),,,
S2O5F2,S2O5F2,Ceramic,Non-Oxide,2.428,,,,,,,,JVASP-97818,JARVIS dft_3d (scraped),,,
Ba4LiP,Ba4LiP,Ceramic,Mixed,3.902,,,,,,,,JVASP-64345,JARVIS dft_3d (scraped),,,
Li3MnP2O8,Li3MnP2O8,Ceramic,Oxide,3.195,,,,,,,,JVASP-48392,JARVIS dft_3d (scraped),,,
PrCo9Si4,PrCo9Si4,Ceramic,Mixed,7.582,,,,,,,,JVASP-97594,JARVIS dft_3d (scraped),,,
Ba4PBr,Ba4PBr,Ceramic,Mixed,4.727,,,,,,,,JVASP-63940,JARVIS dft_3d (scraped),,,
Li2Ni3SbO8,Li2Ni3SbO8,Ceramic,Oxide,5.039,,,,,,,,JVASP-43305,JARVIS dft_3d (scraped),,,
ScAgP2S6,ScAgP2S6,Ceramic,Mixed,3.152,,,,,,,,JVASP-4606,JARVIS dft_3d (scraped),,,
LaNi2B2C,LaNi2B2C,Ceramic,Carbide,6.787,,,,,,,,JVASP-86683,JARVIS dft_3d (scraped),,,
Ba4GeCl,Ba4GeCl,Ceramic,Mixed,4.566,,,,,,,,JVASP-64475,JARVIS dft_3d (scraped),,,
RbMnO2,RbMnO2,Ceramic,Oxide,4.175,,,,,,,,JVASP-98112,JARVIS dft_3d (scraped),,,
Mn3Si,Mn3Si,Ceramic,Mixed,7.348,,,,,,,,JVASP-107749,JARVIS dft_3d (scraped),,,
BeP4Ru,BeP4Ru,Ceramic,Mixed,4.555,,,,-72.65589336008334,,,,JVASP-64997,JARVIS dft_3d (scraped),,,
EuF2,EuF2,Ceramic,Mixed,7.062,,,,54.37430960002487,,,,JVASP-88019,JARVIS dft_3d (scraped),,,
V2S2O11,V2S2O11,Ceramic,Oxide,2.785,,,,,,,,JVASP-98745,JARVIS dft_3d (scraped),,,
Bi2Pd3S2,Bi2Pd3S2,Ceramic,Mixed,8.936,,,,,,,,JVASP-98053,JARVIS dft_3d (scraped),,,
Yb2Si2O7,Yb2Si2O7,Ceramic,Oxide,5.726,,,,86.39743297204791,,,,JVASP-86450,JARVIS dft_3d (scraped),,,
Bi2MoO6,Bi2MoO6,Ceramic,Oxide,8.293,,,,170.20786521361237,,,,JVASP-86038,JARVIS dft_3d (scraped),,,
Ba4PtCl,Ba4PtCl,Ceramic,Mixed,5.736,,,,,,,,JVASP-63941,JARVIS dft_3d (scraped),,,
Ba3ErMn2O9,Ba3ErMn2O9,Ceramic,Oxide,6.63,,,,,,,,JVASP-97638,JARVIS dft_3d (scraped),,,
CoI2N6,CoI2N6,Ceramic,Nitride,5.853,,,,,,,,JVASP-90346,JARVIS dft_3d (scraped),,,
Ca2As3Pb3ClO12,Ca2As3Pb3ClO12,Ceramic,Oxide,5.864,,,,,,,,JVASP-97868,JARVIS dft_3d (scraped),,,
Y3TlC,Y3TlC,Ceramic,Carbide,6.808,,,,154.57996382312092,,,,JVASP-16219,JARVIS dft_3d (scraped),,,
BeTeP4,BeTeP4,Ceramic,Mixed,3.069,,,,,,,,JVASP-65082,JARVIS dft_3d (scraped),,,
BaGa2Ge2O8,BaGa2Ge2O8,Ceramic,Oxide,4.518,,,,,,,,JVASP-97396,JARVIS dft_3d (scraped),,,
Ba4TeCl,Ba4TeCl,Ceramic,Mixed,4.722,,,,,,,,JVASP-64826,JARVIS dft_3d (scraped),,,
BC2N,BC2N,Ceramic,Non-Oxide,2.294,,,,,,,,JVASP-90862,JARVIS dft_3d (scraped),,,
K3InP2,K3InP2,Ceramic,Mixed,2.597,,,,,,,,JVASP-87920,JARVIS dft_3d (scraped),,,
AuCClO,AuCClO,Ceramic,Oxide,5.107,,,,17.776002369668245,,,,JVASP-86596,JARVIS dft_3d (scraped),,,
CaSi2,CaSi2,Ceramic,Mixed,2.413,,,,,,,,JVASP-86381,JARVIS dft_3d (scraped),,,
Ba4ZrSi,Ba4ZrSi,Ceramic,Mixed,4.639,,,,,,,,JVASP-64074,JARVIS dft_3d (scraped),,,
Li8BiS6,Li8BiS6,Ceramic,Mixed,2.901,,,,,,,,JVASP-50409,JARVIS dft_3d (scraped),,,
KMnH24C14N8,KMnH24C14N8,Ceramic,Nitride,1.458,,,,,,,,JVASP-97934,JARVIS dft_3d (scraped),,,
Ba4SiCl,Ba4SiCl,Ceramic,Mixed,4.308,,,,,,,,JVASP-64031,JARVIS dft_3d (scraped),,,
Li3Cr2Ni2O8,Li3Cr2Ni2O8,Ceramic,Oxide,4.527,,,,,,,,JVASP-42234,JARVIS dft_3d (scraped),,,
Ta2CrNO5,Ta2CrNO5,Ceramic,Oxide,8.283,,,,,,,,JVASP-42591,JARVIS dft_3d (scraped),,,
LiNbF6,LiNbF6,Ceramic,Mixed,3.394,,,,48.85170276414982,,,,JVASP-91799,JARVIS dft_3d (scraped),,,
Pr2TeO2,Pr2TeO2,Ceramic,Oxide,6.71,,,,102.74892797132296,,,,JVASP-3324,JARVIS dft_3d (scraped),,,
Ba4SiPb,Ba4SiPb,Ceramic,Mixed,5.406,,,,,,,,JVASP-63989,JARVIS dft_3d (scraped),,,
BaCaGaF7,BaCaGaF7,Ceramic,Mixed,4.441,,,,,,,,JVASP-88375,JARVIS dft_3d (scraped),,,
Ni2PO5,Ni2PO5,Ceramic,Oxide,4.529,,,,,,,,JVASP-43306,JARVIS dft_3d (scraped),,,
Sm2Fe2Se2O3,Sm2Fe2Se2O3,Ceramic,Oxide,6.963,,,,,,,,JVASP-90242,JARVIS dft_3d (scraped),,,
LiCoSiO4,LiCoSiO4,Ceramic,Oxide,3.075,,,,,,,,JVASP-48105,JARVIS dft_3d (scraped),,,
BaTiO3,BaTiO3,Ceramic,Oxide,3.654,,,,32.32160183600436,,,,JVASP-85718,JARVIS dft_3d (scraped),,,
Dy6Fe16O,Dy6Fe16O,Ceramic,Oxide,9.561,,,,,,,,JVASP-98511,JARVIS dft_3d (scraped),,,
Sr2CoSe2Cl2O6,Sr2CoSe2Cl2O6,Ceramic,Oxide,4.367,,,,,,,,JVASP-98114,JARVIS dft_3d (scraped),,,
KNaLi2S2O8,KNaLi2S2O8,Ceramic,Oxide,2.479,,,,,,,,JVASP-98194,JARVIS dft_3d (scraped),,,
Li5Ti2Co5O12,Li5Ti2Co5O12,Ceramic,Oxide,4.845,,,,,,,,JVASP-48172,JARVIS dft_3d (scraped),,,
CaAsH5O6,CaAsH5O6,Ceramic,Oxide,2.516,,,,,,,,JVASP-49954,JARVIS dft_3d (scraped),,,
Ba2UFeO6,Ba2UFeO6,Ceramic,Oxide,7.87,,,,,,,,JVASP-107792,JARVIS dft_3d (scraped),,,
La2Mn2Se2O3,La2Mn2Se2O3,Ceramic,Oxide,6.123,,,,,,,,JVASP-89907,JARVIS dft_3d (scraped),,,
CaH12I2O14,CaH12I2O14,Ceramic,Oxide,3.238,,,,,,,,JVASP-98626,JARVIS dft_3d (scraped),,,
Li2Co3SnO8,Li2Co3SnO8,Ceramic,Oxide,5.138,,,,,,,,JVASP-46857,JARVIS dft_3d (scraped),,,
K2CuH8C4O12,K2CuH8C4O12,Ceramic,Oxide,2.253,,,,,,,,JVASP-98842,JARVIS dft_3d (scraped),,,
LiErP4O12,LiErP4O12,Ceramic,Oxide,3.731,,,,,,,,JVASP-98243,JARVIS dft_3d (scraped),,,
Ni23B6,Ni23B6,Ceramic,Boride,8.336,,,,,,,,JVASP-97351,JARVIS dft_3d (scraped),,,
BiB3O6,BiB3O6,Ceramic,Oxide,6.117,,,,,,,,JVASP-97869,JARVIS dft_3d (scraped),,,
Eu2PI,Eu2PI,Ceramic,Mixed,6.895,,,,77.7373237358836,,,,JVASP-86855,JARVIS dft_3d (scraped),,,
HgO,HgO,Ceramic,Oxide,10.462,,,,39.69074471722629,,,,JVASP-2133,JARVIS dft_3d (scraped),,,
UCoO4,UCoO4,Ceramic,Oxide,8.31,,,,,,,,JVASP-89044,JARVIS dft_3d (scraped),,,
AgC2N3,AgC2N3,Ceramic,Nitride,3.391,,,,17.95859351546082,,,,JVASP-85471,JARVIS dft_3d (scraped),,,
Be2ReSi,Be2ReSi,Ceramic,Mixed,8.338,,,,,,,,JVASP-65038,JARVIS dft_3d (scraped),,,
CoH2SO5,CoH2SO5,Ceramic,Oxide,3.272,,,,81.07442046597387,,,,JVASP-85671,JARVIS dft_3d (scraped),,,
Mn3FeP4,Mn3FeP4,Ceramic,Mixed,5.979,,,,,,,,JVASP-107750,JARVIS dft_3d (scraped),,,
Li3VO3F2,Li3VO3F2,Ceramic,Oxide,2.625,,,,,,,,JVASP-42812,JARVIS dft_3d (scraped),,,
LiMn2P2O8,LiMn2P2O8,Ceramic,Oxide,3.5,,,,,,,,JVASP-42633,JARVIS dft_3d (scraped),,,
Ba4SeCl,Ba4SeCl,Ceramic,Mixed,4.613,,,,,,,,JVASP-64295,JARVIS dft_3d (scraped),,,
Li3CuF6,Li3CuF6,Ceramic,Mixed,3.406,,,,,,,,JVASP-50769,JARVIS dft_3d (scraped),,,
Li2Fe5O5F7,Li2Fe5O5F7,Ceramic,Oxide,4.326,,,,,,,,JVASP-42547,JARVIS dft_3d (scraped),,,
Mg3V6Fe4O24,Mg3V6Fe4O24,Ceramic,Oxide,3.746,,,,,,,,JVASP-97595,JARVIS dft_3d (scraped),,,
Ba2HfO4,Ba2HfO4,Ceramic,Oxide,7.247,,,,164.93029128979418,,,,JVASP-49782,JARVIS dft_3d (scraped),,,
Si2Ag6O7,Si2Ag6O7,Ceramic,Oxide,6.252,,,,,,,,JVASP-97446,JARVIS dft_3d (scraped),,,
NbFeF6,NbFeF6,Ceramic,Mixed,3.842,,,,57.128250641574,,,,JVASP-85931,JARVIS dft_3d (scraped),,,
MoCl3,MoCl3,Ceramic,Mixed,3.766,,,,55.23870330181367,,,,JVASP-86106,JARVIS dft_3d (scraped),,,
LuSi2Cu2,LuSi2Cu2,Ceramic,Mixed,7.682,,,,,,,,JVASP-86510,JARVIS dft_3d (scraped),,,
Na2Nb4O11,Na2Nb4O11,Ceramic,Oxide,4.64,,,,,,,,JVASP-97397,JARVIS dft_3d (scraped),,,
LiY3WO8,LiY3WO8,Ceramic,Oxide,5.004,,,,,,,,JVASP-48660,JARVIS dft_3d (scraped),,,
ClF3,ClF3,Ceramic,Non-Oxide,2.649,,,,12.5954165150964,,,,JVASP-22588,JARVIS dft_3d (scraped),,,
MoCl3O,MoCl3O,Ceramic,Oxide,3.171,,,,21.341755684822843,,,,JVASP-32220,JARVIS dft_3d (scraped),,,
Ba4TlSi,Ba4TlSi,Ceramic,Mixed,5.315,,,,,,,,JVASP-64124,JARVIS dft_3d (scraped),,,
Na2Si2O5,Na2Si2O5,Ceramic,Oxide,2.576,,,,,,,,JVASP-97820,JARVIS dft_3d (scraped),,,
B5Mo2,B5Mo2,Ceramic,Boride,6.901,,,,,,,,JVASP-86980,JARVIS dft_3d (scraped),,,
InH7N2OF4,InH7N2OF4,Ceramic,Oxide,2.974,,,,,,,,JVASP-97936,JARVIS dft_3d (scraped),,,
KBaCl,KBaCl,Ceramic,Mixed,2.263,,,,380.43089700996666,,,,JVASP-64565,JARVIS dft_3d (scraped),,,
Nd3SeBrN2,Nd3SeBrN2,Ceramic,Nitride,5.966,,,,,,,,JVASP-98577,JARVIS dft_3d (scraped),,,
Li3Nd3W2O12,Li3Nd3W2O12,Ceramic,Oxide,6.837,,,,,,,,JVASP-97639,JARVIS dft_3d (scraped),,,
Na2Si3H2O8,Na2Si3H2O8,Ceramic,Oxide,2.347,,,,,,,,JVASP-98627,JARVIS dft_3d (scraped),,,
TmNiC2,TmNiC2,Ceramic,Carbide,8.889,,,,257.3484375,,,,JVASP-15304,JARVIS dft_3d (scraped),,,
MgZn3S4,MgZn3S4,Ceramic,Mixed,3.49,,,,,,,,JVASP-107751,JARVIS dft_3d (scraped),,,
Li4Cr2P4H3O16,Li4Cr2P4H3O16,Ceramic,Oxide,2.911,,,,,,,,JVASP-43020,JARVIS dft_3d (scraped),,,
Y6Fe16O,Y6Fe16O,Ceramic,Oxide,7.278,,,,,,,,JVASP-98512,JARVIS dft_3d (scraped),,,
Ca2RuO4,Ca2RuO4,Ceramic,Oxide,4.58,,,,,,,,JVASP-97689,JARVIS dft_3d (scraped),,,
Li3In2P3O12,Li3In2P3O12,Ceramic,Oxide,3.765,,,,,,,,JVASP-98195,JARVIS dft_3d (scraped),,,
Ce2Fe12P7,Ce2Fe12P7,Ceramic,Mixed,7.561,,,,,,,,JVASP-89294,JARVIS dft_3d (scraped),,,
Ba2VSi2O8,Ba2VSi2O8,Ceramic,Oxide,4.409,,,,,,,,JVASP-97596,JARVIS dft_3d (scraped),,,
Ba4CuP,Ba4CuP,Ceramic,Mixed,4.668,,,,,,,,JVASP-64039,JARVIS dft_3d (scraped),,,
BaY6Si3B6O24F2,BaY6Si3B6O24F2,Ceramic,Oxide,4.438,,,,,,,,JVASP-98057,JARVIS dft_3d (scraped),,,
CeB3O6,CeB3O6,Ceramic,Oxide,4.911,,,,,,,,JVASP-97871,JARVIS dft_3d (scraped),,,
Li3Co2O2F3,Li3Co2O2F3,Ceramic,Oxide,4.288,,,,,,,,JVASP-107794,JARVIS dft_3d (scraped),,,
MnPO4,MnPO4,Ceramic,Oxide,3.735,,,,,,,,JVASP-43763,JARVIS dft_3d (scraped),,,
Ba4TlP,Ba4TlP,Ceramic,Mixed,5.478,,,,,,,,JVASP-63952,JARVIS dft_3d (scraped),,,
Li3Fe3O4F4,Li3Fe3O4F4,Ceramic,Oxide,4.244,,,,,,,,JVASP-42423,JARVIS dft_3d (scraped),,,
BaCaCl,BaCaCl,Ceramic,Mixed,2.541,,,,,,,,JVASP-64354,JARVIS dft_3d (scraped),,,
MnS,MnS,Ceramic,Mixed,3.266,,,,46.75913982332471,,,,JVASP-14938,JARVIS dft_3d (scraped),,,
BeCoCl4,BeCoCl4,Ceramic,Mixed,2.518,,,,,,,,JVASP-65000,JARVIS dft_3d (scraped),,,
Ba4ZrP,Ba4ZrP,Ceramic,Mixed,4.694,,,,,,,,JVASP-63994,JARVIS dft_3d (scraped),,,
ZnH6C2N4O4,ZnH6C2N4O4,Ceramic,Oxide,2.515,,,,,,,,JVASP-97938,JARVIS dft_3d (scraped),,,
HgN6,HgN6,Ceramic,Nitride,4.518,,,,,,,,JVASP-88170,JARVIS dft_3d (scraped),,,
BeAlB,BeAlB,Ceramic,Boride,2.536,,,,303.2762212876092,,,,JVASP-15348,JARVIS dft_3d (scraped),,,
Ba4ZnSi,Ba4ZnSi,Ceramic,Mixed,4.406,,,,,,,,JVASP-64042,JARVIS dft_3d (scraped),,,
MgRe2O8,MgRe2O8,Ceramic,Oxide,4.91,,,,,,,,JVASP-12050,JARVIS dft_3d (scraped),,,
K4Rb2Co2O5,K4Rb2Co2O5,Ceramic,Oxide,3.316,,,,,,,,JVASP-88021,JARVIS dft_3d (scraped),,,
Sm2TeO2,Sm2TeO2,Ceramic,Oxide,7.482,,,,,,,,JVASP-3327,JARVIS dft_3d (scraped),,,
Na4BeSi,Na4BeSi,Ceramic,Mixed,1.511,,,,,,,,JVASP-65089,JARVIS dft_3d (scraped),,,
LiMn2OF3,LiMn2OF3,Ceramic,Oxide,3.631,,,,85.25399724206208,,,,JVASP-48807,JARVIS dft_3d (scraped),,,
NaMo3P3O16,NaMo3P3O16,Ceramic,Oxide,3.649,,,,,,,,JVASP-97399,JARVIS dft_3d (scraped),,,
Li5Mn3Fe2O10,Li5Mn3Fe2O10,Ceramic,Oxide,4.794,,,,,,,,JVASP-48316,JARVIS dft_3d (scraped),,,
MnNb2Zn2O8,MnNb2Zn2O8,Ceramic,Oxide,5.775,,,,,,,,JVASP-98856,JARVIS dft_3d (scraped),,,
Ba4CdSi,Ba4CdSi,Ceramic,Mixed,4.682,,,,,,,,JVASP-64165,JARVIS dft_3d (scraped),,,
LaPPd,LaPPd,Ceramic,Mixed,7.183,,,,1.2713160100586756,,,,JVASP-86451,JARVIS dft_3d (scraped),,,
MnAlO3,MnAlO3,Ceramic,Oxide,3.243,,,,,,,,JVASP-43051,JARVIS dft_3d (scraped),,,
KBiP2Se6,KBiP2Se6,Ceramic,Mixed,4.716,,,,,,,,JVASP-97642,JARVIS dft_3d (scraped),,,
Bi5IO7,Bi5IO7,Ceramic,Oxide,8.491,,,,,,,,JVASP-98513,JARVIS dft_3d (scraped),,,
Ti3Cu3O,Ti3Cu3O,Ceramic,Oxide,6.597,,,,,,,,JVASP-97353,JARVIS dft_3d (scraped),,,
Rb3IrN6O12,Rb3IrN6O12,Ceramic,Oxide,4.086,,,,,,,,JVASP-98012,JARVIS dft_3d (scraped),,,
Co2GeO4,Co2GeO4,Ceramic,Oxide,5.825,,,,,,,,JVASP-86605,JARVIS dft_3d (scraped),,,
Li5TiV3O8,Li5TiV3O8,Ceramic,Oxide,3.916,,,,,,,,JVASP-48396,JARVIS dft_3d (scraped),,,
HoB7Mo3,HoB7Mo3,Ceramic,Boride,7.96,,,,,,,,JVASP-98746,JARVIS dft_3d (scraped),,,
DyMn2O5,DyMn2O5,Ceramic,Oxide,6.713,,,,,,,,JVASP-97691,JARVIS dft_3d (scraped),,,
ZnFeO3,ZnFeO3,Ceramic,Oxide,5.751,,,,,,,,JVASP-46371,JARVIS dft_3d (scraped),,,
Hydrogen,H,Ceramic,Elemental,0.08988,,,,,,,,Scraped from public GitHub dataset,Periodic-Table-JSON (scraped),,,
Helium,He,Ceramic,Elemental,0.1786,,,,,,,,Scraped from public GitHub dataset,Periodic-Table-JSON (scraped),,,
Boron,B,Ceramic,Elemental,2.08,,,,,,,,Scraped from public GitHub dataset,Periodic-Table-JSON (scraped),,,
Oxygen,O,Ceramic,Elemental,1.429,,,,,,,,Scraped from public GitHub dataset,Periodic-Table-JSON (scraped),,,
Fluorine,F,Ceramic,Elemental,1.696,,,,,,,,Scraped from public GitHub dataset,Periodic-Table-JSON (scraped),,,
Neon,Ne,Ceramic,Elemental,0.9002,,,,,,,,Scraped from public GitHub dataset,Periodic-Table-JSON (scraped),,,
Sulfur,S,Ceramic,Elemental,2.07,,,,,,,,Scraped from public GitHub dataset,Periodic-Table-JSON (scraped),,,
Chlorine,Cl,Ceramic,Elemental,3.2,,,,,,,,Scraped from public GitHub dataset,Periodic-Table-JSON (scraped),,,
Argon,Ar,Ceramic,Elemental,1.784,,,,,,,,Scraped from public GitHub dataset,Periodic-Table-JSON (scraped),,,
Arsenic,As,Ceramic,Elemental,5.727,,,,,,,,Scraped from public GitHub dataset,Periodic-Table-JSON (scraped),,,
Bromine,Br,Ceramic,Elemental,3.1028,,,,,,,,Scraped from public GitHub dataset,Periodic-Table-JSON (scraped),,,
Krypton,Kr,Ceramic,Elemental,3.749,,,,,,,,Scraped from public GitHub dataset,Periodic-Table-JSON (scraped),,,
Tellurium,Te,Ceramic,Elemental,6.24,,,,,,,,Scraped from public GitHub dataset,Periodic-Table-JSON (scraped),,,
Iodine,I,Ceramic,Elemental,4.933,,,,,,,,Scraped from public GitHub dataset,Periodic-Table-JSON (scraped),,,
Polonium,Po,Ceramic,Elemental,9.196,,,,,,,,Scraped from public GitHub dataset,Periodic-Table-JSON (scraped),,,
Astatine,At,Ceramic,Elemental,6.35,,,,,,,,Scraped from public GitHub dataset,Periodic-Table-JSON (scraped),,,
Radon,Rn,Ceramic,Elemental,9.73,,,,,,,,Scraped from public GitHub dataset,Periodic-Table-JSON (scraped),,,
Francium,Fr,Ceramic,Elemental,1.87,,,,,,,,Scraped from public GitHub dataset,Periodic-Table-JSON (scraped),,,
Radium,Ra,Ceramic,Elemental,5.5,,,,,,,,Scraped from public GitHub dataset,Periodic-Table-JSON (scraped),,,
Actinium,Ac,Ceramic,Elemental,10.0,,,,,,,,Scraped from public GitHub dataset,Periodic-Table-JSON (scraped),,,
Thorium,Th,Ceramic,Elemental,11.724,,,,,,,,Scraped from public GitHub dataset,Periodic-Table-JSON (scraped),,,
Protactinium,Pa,Ceramic,Elemental,15.37,,,,,,,,Scraped from public GitHub dataset,Periodic-Table-JSON (scraped),,,
Uranium,U,Ceramic,Elemental,19.1,,,,,,,,Scraped from public GitHub dataset,Periodic-Table-JSON (scraped),,,
Neptunium,Np,Ceramic,Elemental,20.45,,,,,,,,Scraped from public GitHub dataset,Periodic-Table-JSON (scraped),,,
Plutonium,Pu,Ceramic,Elemental,19.816,,,,,,,,Scraped from public GitHub dataset,Periodic-Table-JSON (scraped),,,
Americium,Am,Ceramic,Elemental,12.0,,,,,,,,Scraped from public GitHub dataset,Periodic-Table-JSON (scraped),,,
Curium,Cm,Ceramic,Elemental,13.51,,,,,,,,Scraped from public GitHub dataset,Periodic-Table-JSON (scraped),,,
Berkelium,Bk,Ceramic,Elemental,14.78,,,,,,,,Scraped from public GitHub dataset,Periodic-Table-JSON (scraped),,,
Californium,Cf,Ceramic,Elemental,15.1,,,,,,,,Scraped from public GitHub dataset,Periodic-Table-JSON (scraped),,,
Einsteinium,Es,Ceramic,Elemental,8.84,,,,,,,,Scraped from public GitHub dataset,Periodic-Table-JSON (scraped),,,
Fermium,Fm,Ceramic,Elemental,,,,,,,,,Scraped from public GitHub dataset,Periodic-Table-JSON (scraped),,,
Mendelevium,Md,Ceramic,Elemental,,,,,,,,,Scraped from public GitHub dataset,Periodic-Table-JSON (scraped),,,
Nobelium,No,Ceramic,Elemental,,,,,,,,,Scraped from public GitHub dataset,Periodic-Table-JSON (scraped),,,
Lawrencium,Lr,Ceramic,Elemental,,,,,,,,,Scraped from public GitHub dataset,Periodic-Table-JSON (scraped),,,
Rutherfordium,Rf,Ceramic,Elemental,23.2,,,,,,,,Scraped from public GitHub dataset,Periodic-Table-JSON (scraped),,,
Dubnium,Db,Ceramic,Elemental,29.3,,,,,,,,Scraped from public GitHub dataset,Periodic-Table-JSON (scraped),,,
Seaborgium,Sg,Ceramic,Elemental,35.0,,,,,,,,Scraped from public GitHub dataset,Periodic-Table-JSON (scraped),,,
Bohrium,Bh,Ceramic,Elemental,37.1,,,,,,,,Scraped from public GitHub dataset,Periodic-Table-JSON (scraped),,,
Hassium,Hs,Ceramic,Elemental,40.7,,,,,,,,Scraped from public GitHub dataset,Periodic-Table-JSON (scraped),,,
Meitnerium,Mt,Ceramic,Elemental,37.4,,,,,,,,Scraped from public GitHub dataset,Periodic-Table-JSON (scraped),,,
Darmstadtium,Ds,Ceramic,Elemental,34.8,,,,,,,,Scraped from public GitHub dataset,Periodic-Table-JSON (scraped),,,
Roentgenium,Rg,Ceramic,Elemental,28.7,,,,,,,,Scraped from public GitHub dataset,Periodic-Table-JSON (scraped),,,
Copernicium,Cn,Ceramic,Elemental,14.0,,,,,,,,Scraped from public GitHub dataset,Periodic-Table-JSON (scraped),,,
Nihonium,Nh,Ceramic,Elemental,16.0,,,,,,,,Scraped from public GitHub dataset,Periodic-Table-JSON (scraped),,,
Flerovium,Fl,Ceramic,Elemental,14.0,,,,,,,,Scraped from public GitHub dataset,Periodic-Table-JSON (scraped),,,
Moscovium,Mc,Ceramic,Elemental,13.5,,,,,,,,Scraped from public GitHub dataset,Periodic-Table-JSON (scraped),,,
Livermorium,Lv,Ceramic,Elemental,12.9,,,,,,,,Scraped from public GitHub dataset,Periodic-Table-JSON (scraped),,,
Tennessine,Ts,Ceramic,Elemental,7.17,,,,,,,,Scraped from public GitHub dataset,Periodic-Table-JSON (scraped),,,
Oganesson,Og,Ceramic,Elemental,4.95,,,,,,,,Scraped from public GitHub dataset,Periodic-Table-JSON (scraped),,,
Ununennium,Uue,Ceramic,Elemental,3.0,,,,,,,,Scraped from public GitHub dataset,Periodic-Table-JSON (scraped),,,
Aluminum Oxide Ceramic,Al2O3,Ceramic,Oxide,3.96,30.0,,400.0,393.0,1900.0,8.1,,,CSV,,6.0,
Silicon Carbide,SiC,Ceramic,Non-Oxide,3.21,120.0,,600.0,410.0,2500.0,4.3,,,CSV,,3.5,
Silicon Nitride,Si3N4,Ceramic,Non-Oxide,3.18,30.0,,900.0,330.0,1600.0,3.0,,,CSV,,5.0,
Zirconia Toughened Ceramic,ZrO2,Ceramic,Oxide,6.1,2.0,,1000.0,250.0,1200.0,10.0,,,CSV,,600.0,
Boron Carbide,B4C,Ceramic,Non-Oxide,2.51,29.0,,400.0,450.0,2800.0,4.5,,,CSV,,3.0,
Glass (Soda-Lime),SiO2Na,Ceramic,Silicate,2.52,1.0,,60.0,72.0,600.0,9.0,,,CSV,,1.5,
Glass Ceramic (Cordierite),MgAl2Si5O18,Ceramic,Glass-Ceramic,2.3,1.3,,100.0,110.0,650.0,1.3,,,CSV,,2.0,
