name,formula,category,subcategory,density,thermal_conductivity,yield_strength,tensile_strength,youngs_modulus,hardness_vickers,thermal_expansion,electrical_resistivity,notes,source,mp_material_id,crystal_system
Aluminum,Al,Metal,Non-Ferrous,2.7,237.0,35.0,90.0,70.0,17.0,23.1,2.65e-08,,Curated,,
Copper,Cu,Metal,Non-Ferrous,8.96,401.0,70.0,220.0,120.0,35.0,16.5,1.68e-08,,Curated,,
Oxygen-Free High Conductivity Copper (OFHC C101),Cu,Metal,Non-Ferrous,8.94,401.0,69.0,220.0,117.0,35.0,16.3,1.68e-08,Ultra-high purity copper for maximum thermal/electrical conductivity,Curated,,
Iron,Fe,Metal,Ferrous,7.87,80.0,80.0,400.0,211.0,60.0,11.8,9.71e-08,,Curated,,
Titanium,Ti,Metal,Non-Ferrous,4.51,21.9,140.0,220.0,116.0,70.0,8.6,4.2e-07,,Curated,,
Nickel,Ni,Metal,Non-Ferrous,8.91,91.0,59.0,317.0,200.0,64.0,13.4,6.99e-08,,Curated,,
Zinc,Zn,Metal,Non-Ferrous,7.13,116.0,37.0,100.0,108.0,30.0,30.2,5.96e-08,,Curated,,
Lead,Pb,Metal,Non-Ferrous,11.34,35.3,11.0,17.0,16.0,5.0,28.9,2.08e-07,,Curated,,
Magnesium,Mg,Metal,Non-Ferrous,1.74,156.0,20.0,165.0,45.0,30.0,25.2,4.39e-08,,Curated,,
Silver,Ag,Metal,Precious,10.49,429.0,55.0,170.0,83.0,25.0,18.9,1.59e-08,,Curated,,
Gold,Au,Metal,Precious,19.32,318.0,100.0,120.0,79.0,25.0,14.2,2.44e-08,,Curated,,
Chromium,Cr,Metal,Refractory,7.19,94.0,279.0,418.0,248.0,1060.0,4.9,1.25e-07,,Curated,,
Tungsten,W,Metal,Refractory,19.25,173.0,750.0,1500.0,411.0,360.0,4.5,5.28e-08,,Curated,,
Molybdenum,Mo,Metal,Refractory,10.28,138.0,324.0,630.0,329.0,230.0,4.8,5.34e-08,,Curated,,
Platinum,Pt,Metal,Precious,21.45,72.0,95.0,125.0,168.0,56.0,8.8,1.05e-07,,Curated,,
Cobalt,Co,Metal,Non-Ferrous,8.9,100.0,276.0,760.0,209.0,1043.0,13.0,6.24e-08,,Curated,,
Tin,Sn,Metal,Non-Ferrous,7.26,67.0,14.0,23.0,50.0,5.0,22.0,1.15e-07,,Curated,,
Vanadium,V,Metal,Refractory,6.11,31.0,220.0,310.0,128.0,628.0,8.4,1.97e-07,,Curated,,
Niobium,Nb,Metal,Refractory,8.57,54.0,105.0,275.0,105.0,132.0,7.3,1.52e-07,,Curated,,
Tantalum,Ta,Metal,Refractory,16.65,57.0,170.0,270.0,186.0,873.0,6.3,1.31e-07,,Curated,,
Palladium,Pd,Metal,Precious,12.02,72.0,53.0,180.0,121.0,37.0,11.8,1.08e-07,,Curated,,
Beryllium,Be,Metal,Non-Ferrous,1.85,200.0,240.0,400.0,287.0,130.0,11.3,4e-08,,Curated,,
Rhenium,Re,Metal,Refractory,21.02,48.0,290.0,1170.0,463.0,2450.0,6.7,1.93e-07,,Curated,,
Hafnium,Hf,Metal,Refractory,13.31,23.0,,485.0,141.0,,5.9,3.31e-07,,Curated,,
Zirconium,Zr,Metal,Refractory,6.51,22.7,45.0,170.0,88.0,,5.7,4.21e-07,,Curated,,
Steel AISI 1020,Fe-C,Metal,Ferrous,7.85,51.0,380.0,470.0,200.0,130.0,12.0,1.6e-07,,Curated,,
Steel AISI 4340,Fe-Ni-Cr-Mo,Metal,Ferrous,7.85,44.0,793.0,1000.0,205.0,300.0,12.3,2.48e-07,,Curated,,
Stainless Steel 304,Fe-Cr-Ni,Metal,Ferrous,8.0,16.0,215.0,505.0,193.0,129.0,17.2,7.2e-07,,Curated,,
Stainless Steel 316,Fe-Cr-Ni-Mo,Metal,Ferrous,8.0,16.0,290.0,580.0,193.0,170.0,16.0,7.4e-07,,Curated,,
Stainless Steel 316L,Fe-Cr-Ni-Mo-C,Metal,Ferrous,8.0,16.0,170.0,485.0,193.0,150.0,16.0,7.4e-07,,Curated,,
Duplex Steel 2205,Fe-Cr-Ni-Mo-N,Metal,Ferrous,7.78,19.0,450.0,620.0,200.0,290.0,13.7,8.5e-07,,Curated,,
Brass 70Cu-30Zn,Cu-Zn,Metal,Non-Ferrous,8.53,120.0,200.0,500.0,105.0,160.0,19.9,6.2e-08,,Curated,,
Bronze 90Cu-10Sn,Cu-Sn,Metal,Non-Ferrous,8.78,50.0,195.0,350.0,110.0,100.0,18.0,1.3e-07,,Curated,,
Cupronickel 90-10,Cu-Ni,Metal,Non-Ferrous,8.9,45.0,105.0,300.0,150.0,80.0,17.1,1.9e-07,,Curated,,
Aluminum 6061-T6,Al-Mg-Si,Metal,Non-Ferrous,2.7,167.0,276.0,310.0,69.0,107.0,23.6,3.99e-08,,Curated,,
Aluminum 7075-T6,Al-Zn-Mg-Cu,Metal,Non-Ferrous,2.81,130.0,503.0,572.0,72.0,175.0,23.4,5.15e-08,,Curated,,
Aluminum 2024-T3,Al-Cu-Mg,Metal,Non-Ferrous,2.78,121.0,345.0,483.0,73.0,130.0,23.2,5.82e-08,,Curated,,
Ti-6Al-4V (Grade 5),Ti-Al-V,Metal,Non-Ferrous,4.43,6.7,880.0,950.0,114.0,349.0,8.6,1.71e-06,,Curated,,
Inconel 718,Ni-Cr-Fe-Nb,Metal,Superalloy,8.19,11.2,1034.0,1241.0,200.0,350.0,13.0,1.25e-06,,Curated,,
Inconel 625,Ni-Cr-Mo-Nb,Metal,Superalloy,8.44,9.8,415.0,930.0,207.0,200.0,12.8,1.29e-06,,Curated,,
Hastelloy C-276,Ni-Mo-Cr,Metal,Superalloy,8.89,10.2,414.0,790.0,205.0,210.0,11.2,1.25e-06,,Curated,,
Monel 400,Ni-Cu,Metal,Non-Ferrous,8.8,21.8,240.0,550.0,179.0,130.0,13.9,5.47e-07,,Curated,,
Nitinol NiTi,Ni-Ti,Metal,Shape-Memory,6.45,8.6,195.0,895.0,75.0,250.0,11.0,8.2e-07,,Curated,,
Invar 36 (Fe64Ni36),Fe-Ni,Metal,Low-Expansion,8.05,13.0,240.0,490.0,141.0,160.0,1.2,7.8e-07,Near-zero thermal expansion precision alloy,Curated,,
Solder 60Sn-40Pb,Sn-Pb,Metal,Non-Ferrous,8.52,50.0,,60.0,32.0,14.0,24.0,1.5e-07,,Curated,,
Cast Iron (Gray),Fe-C-Si,Metal,Ferrous,7.15,51.0,,250.0,100.0,200.0,10.8,1e-06,,Curated,,
Maraging Steel 300,Fe-Ni-Co-Mo,Metal,Ferrous,8.0,25.0,1900.0,1965.0,190.0,600.0,10.4,6e-07,,Curated,,
Be2OsRu,Be2OsRu,Metal,Non-Ferrous,10.96,,,,,,,,JVASP-64906,JARVIS dft_3d (scraped),,
KBi,KBi,Metal,Non-Ferrous,5.145,,,,,,,,JVASP-98225,JARVIS dft_3d (scraped),,
VSe2,VSe2,Metal,Non-Ferrous,5.718,,,,80.88610801471407,,,,JVASP-10,JARVIS dft_3d (scraped),,
Ba4NaBi,Ba4NaBi,Metal,Non-Ferrous,4.651,,,,1.069394435351882,,,,JVASP-64664,JARVIS dft_3d (scraped),,
LuNi4Sn,LuNi4Sn,Metal,Superalloy,10.249,,,,,,,,JVASP-86726,JARVIS dft_3d (scraped),,
SmSb12Os4,SmSb12Os4,Metal,Non-Ferrous,9.359,,,,,,,,JVASP-86205,JARVIS dft_3d (scraped),,
BaGe2,BaGe2,Metal,Non-Ferrous,5.124,,,,,,,,JVASP-97799,JARVIS dft_3d (scraped),,
AlAs,AlAs,Metal,Non-Ferrous,3.607,,,,105.9126024318793,,,,JVASP-1372,JARVIS dft_3d (scraped),,
Ce2Al16Pt9,Ce2Al16Pt9,Metal,Non-Ferrous,8.892,,,,,,,,JVASP-98284,JARVIS dft_3d (scraped),,
NaI,NaI,Metal,Non-Ferrous,3.746,,,,27.148687181073143,,,,JVASP-1996,JARVIS dft_3d (scraped),,
Rb2PdI6,Rb2PdI6,Metal,Non-Ferrous,4.924,,,,,,,,JVASP-97378,JARVIS dft_3d (scraped),,
Ni3Te2,Ni3Te2,Metal,Non-Ferrous,8.151,,,,,,,,JVASP-98224,JARVIS dft_3d (scraped),,
Ba4TaZn,Ba4TaZn,Metal,Non-Ferrous,5.492,,,,,,,,JVASP-64045,JARVIS dft_3d (scraped),,
Ba4CaRe,Ba4CaRe,Metal,Non-Ferrous,5.496,,,,,,,,JVASP-63912,JARVIS dft_3d (scraped),,
Ba4TeSe,Ba4TeSe,Metal,Non-Ferrous,5.329,,,,,,,,JVASP-64003,JARVIS dft_3d (scraped),,
Ba4NaGe,Ba4NaGe,Metal,Non-Ferrous,4.026,,,,,,,,JVASP-64584,JARVIS dft_3d (scraped),,
Ba4HgPb,Ba4HgPb,Metal,Non-Ferrous,6.204,,,,,,,,JVASP-64240,JARVIS dft_3d (scraped),,
Bi3Sb,Bi3Sb,Metal,Non-Ferrous,8.772,,,,,,,,JVASP-107772,JARVIS dft_3d (scraped),,
Ba4YNb,Ba4YNb,Metal,Non-Ferrous,4.748,,,,,,,,JVASP-64719,JARVIS dft_3d (scraped),,
Ba4LiHf,Ba4LiHf,Metal,Non-Ferrous,4.519,,,,,,,,JVASP-64377,JARVIS dft_3d (scraped),,
BeReBi4,BeReBi4,Metal,Non-Ferrous,9.288,,,,,,,,JVASP-65101,JARVIS dft_3d (scraped),,
Ca4BeW,Ca4BeW,Metal,Non-Ferrous,3.62,,,,34.54916656615608,,,,JVASP-65062,JARVIS dft_3d (scraped),,
BeCu4W,BeCu4W,Metal,Non-Ferrous,9.833,,,,146.1587714449988,,,,JVASP-64983,JARVIS dft_3d (scraped),,
YMg,YMg,Metal,Non-Ferrous,3.485,,,,69.92744165341813,,,,JVASP-18912,JARVIS dft_3d (scraped),,
Te6Mo3WSe2,Te6Mo3WSe2,Metal,Non-Ferrous,5.834,,,,,,,,JVASP-29104,JARVIS dft_3d (scraped),,
Ba4MgBi,Ba4MgBi,Metal,Non-Ferrous,4.866,,,,,,,,JVASP-64427,JARVIS dft_3d (scraped),,
KBaZn,KBaZn,Metal,Non-Ferrous,2.971,,,,,,,,JVASP-64129,JARVIS dft_3d (scraped),,
Ba4MnW,Ba4MnW,Metal,Non-Ferrous,5.899,,,,,,,,JVASP-64090,JARVIS dft_3d (scraped),,
Ba4VSe,Ba4VSe,Metal,Non-Ferrous,4.608,,,,,,,,JVASP-64314,JARVIS dft_3d (scraped),,
Ba4TaIn,Ba4TaIn,Metal,Non-Ferrous,5.838,,,,,,,,JVASP-63956,JARVIS dft_3d (scraped),,
Ba4NbBi,Ba4NbBi,Metal,Non-Ferrous,5.719,,,,,,,,JVASP-64861,JARVIS dft_3d (scraped),,
Ba4CaSn,Ba4CaSn,Metal,Non-Ferrous,4.277,,,,,,,,JVASP-64780,JARVIS dft_3d (scraped),,
Ba4HgSb,Ba4HgSb,Metal,Non-Ferrous,5.796,,,,,,,,JVASP-64512,JARVIS dft_3d (scraped),,
UNiSn,UNiSn,Metal,Non-Ferrous,9.303,,,,,,,,JVASP-53301,JARVIS dft_3d (scraped),,
Ba4CdSe,Ba4CdSe,Metal,Non-Ferrous,4.926,,,,-7.179759979128619,,,,JVASP-64184,JARVIS dft_3d (scraped),,
MnBeIr4,MnBeIr4,Metal,Non-Ferrous,14.857,,,,,,,,JVASP-64945,JARVIS dft_3d (scraped),,
LaAlH6,LaAlH6,Metal,Non-Ferrous,3.657,,,,,,,,JVASP-91520,JARVIS dft_3d (scraped),,
Te4MoW,Te4MoW,Metal,Non-Ferrous,6.254,,,,40.00588823686317,,,,JVASP-29024,JARVIS dft_3d (scraped),,
PbBr2,PbBr2,Metal,Non-Ferrous,5.289,,,,24.785368190813458,,,,JVASP-22721,JARVIS dft_3d (scraped),,
YbAsPd,YbAsPd,Metal,Non-Ferrous,10.2,,,,,,,,JVASP-16112,JARVIS dft_3d (scraped),,
EuCuBi,EuCuBi,Metal,Non-Ferrous,9.771,,,,,,,,JVASP-85557,JARVIS dft_3d (scraped),,
SmSb2Au,SmSb2Au,Metal,Non-Ferrous,9.795,,,,,,,,JVASP-91564,JARVIS dft_3d (scraped),,
Ho3Co2Ge4,Ho3Co2Ge4,Metal,Non-Ferrous,8.999,,,,,,,,JVASP-89901,JARVIS dft_3d (scraped),,
YAl3,YAl3,Metal,Non-Ferrous,2.366,,,,,,,,JVASP-4729,JARVIS dft_3d (scraped),,
Ba4YRh,Ba4YRh,Metal,Non-Ferrous,5.109,,,,,,,,JVASP-63913,JARVIS dft_3d (scraped),,
Ba4VMo,Ba4VMo,Metal,Non-Ferrous,4.904,,,,,,,,JVASP-64130,JARVIS dft_3d (scraped),,
LiYSe2,LiYSe2,Metal,Non-Ferrous,4.595,,,,69.84460715580806,,,,JVASP-1837,JARVIS dft_3d (scraped),,
YbNi5,YbNi5,Metal,Non-Ferrous,9.801,,,,176.06129479910757,,,,JVASP-14997,JARVIS dft_3d (scraped),,
Ba4TiNb,Ba4TiNb,Metal,Non-Ferrous,4.819,,,,,,,,JVASP-64092,JARVIS dft_3d (scraped),,
Ba4NaRh,Ba4NaRh,Metal,Non-Ferrous,4.485,,,,,,,,JVASP-64428,JARVIS dft_3d (scraped),,
ZrSn,ZrSn,Metal,Non-Ferrous,7.423,,,,,,,,JVASP-90580,JARVIS dft_3d (scraped),,
Ba4ZrTi,Ba4ZrTi,Metal,Non-Ferrous,4.764,,,,,,,,JVASP-64185,JARVIS dft_3d (scraped),,
Ba4BiTe,Ba4BiTe,Metal,Non-Ferrous,5.974,,,,,,,,JVASP-64004,JARVIS dft_3d (scraped),,
Ba4MgGe,Ba4MgGe,Metal,Non-Ferrous,4.198,,,,,,,,JVASP-64783,JARVIS dft_3d (scraped),,
Ba4LiRh,Ba4LiRh,Metal,Non-Ferrous,4.555,,,,,,,,JVASP-64046,JARVIS dft_3d (scraped),,
YTi,YTi,Metal,Non-Ferrous,4.729,,,,26.43902027027027,,,,JVASP-37168,JARVIS dft_3d (scraped),,
KBaNb,KBaNb,Metal,Non-Ferrous,3.011,,,,-8.093632075471698,,,,JVASP-64315,JARVIS dft_3d (scraped),,
Mg3In,Mg3In,Metal,Non-Ferrous,3.45,,,,,,,,JVASP-91653,JARVIS dft_3d (scraped),,
Zr5Sb4,Zr5Sb4,Metal,Non-Ferrous,7.742,,,,,,,,JVASP-86899,JARVIS dft_3d (scraped),,
Ba4NbHg,Ba4NbHg,Metal,Non-Ferrous,5.704,,,,,,,,JVASP-64721,JARVIS dft_3d (scraped),,
Ba4MgIn,Ba4MgIn,Metal,Non-Ferrous,4.245,,,,,,,,JVASP-64515,JARVIS dft_3d (scraped),,
Ba4MgTc,Ba4MgTc,Metal,Non-Ferrous,4.826,,,,,,,,JVASP-63957,JARVIS dft_3d (scraped),,
HfSnRh,HfSnRh,Metal,Non-Ferrous,11.712,,,,,,,,JVASP-90040,JARVIS dft_3d (scraped),,
Mg6ZnFe,Mg6ZnFe,Metal,Ferrous,2.879,,,,,,,,JVASP-92194,JARVIS dft_3d (scraped),,
Ba4ZrPb,Ba4ZrPb,Metal,Non-Ferrous,5.595,,,,12.0,,,,JVASP-64668,JARVIS dft_3d (scraped),,
BeCuPt,BeCuPt,Metal,Non-Ferrous,12.455,,,,204.13585521205533,,,,JVASP-65020,JARVIS dft_3d (scraped),,
Ba4BeCr,Ba4BeCr,Metal,Non-Ferrous,4.03,,,,,,,,JVASP-64378,JARVIS dft_3d (scraped),,
Ba2YBr7,Ba2YBr7,Metal,Non-Ferrous,4.869,,,,,,,,JVASP-52544,JARVIS dft_3d (scraped),,
Ba4TlZn,Ba4TlZn,Metal,Non-Ferrous,5.209,,,,,,,,JVASP-64862,JARVIS dft_3d (scraped),,
Al6Fe,Al6Fe,Metal,Ferrous,3.389,,,,,,,,JVASP-86274,JARVIS dft_3d (scraped),,
YSn3,YSn3,Metal,Non-Ferrous,6.953,,,,,,,,JVASP-90768,JARVIS dft_3d (scraped),,
CeAl2Zn2,CeAl2Zn2,Metal,Non-Ferrous,5.615,,,,,,,,JVASP-15181,JARVIS dft_3d (scraped),,
K4SrBe,K4SrBe,Metal,Non-Ferrous,1.271,,,,,,,,JVASP-65063,JARVIS dft_3d (scraped),,
LaMg7,LaMg7,Metal,Non-Ferrous,2.497,,,,,,,,JVASP-91890,JARVIS dft_3d (scraped),,
LaFe5H2,LaFe5H2,Metal,Ferrous,7.289,,,,,,,,JVASP-91848,JARVIS dft_3d (scraped),,
TiCo3,TiCo3,Metal,Non-Ferrous,8.163,,,,,,,,JVASP-91939,JARVIS dft_3d (scraped),,
Sr2H6Os,Sr2H6Os,Metal,Non-Ferrous,5.584,,,,83.49253958587089,,,,JVASP-90336,JARVIS dft_3d (scraped),,
TiAlNi6,TiAlNi6,Metal,Superalloy,7.791,,,,,,,,JVASP-107736,JARVIS dft_3d (scraped),,
HfScCo2,HfScCo2,Metal,Non-Ferrous,9.309,,,,,,,,JVASP-41360,JARVIS dft_3d (scraped),,
BeTl4W,BeTl4W,Metal,Non-Ferrous,11.115,,,,,,,,JVASP-65102,JARVIS dft_3d (scraped),,
Ni2Sn4Au,Ni2Sn4Au,Metal,Superalloy,9.116,,,,,,,,JVASP-86779,JARVIS dft_3d (scraped),,
Ba4LaGe,Ba4LaGe,Metal,Non-Ferrous,4.802,,,,,,,,JVASP-64585,JARVIS dft_3d (scraped),,
YbIn2Pt,YbIn2Pt,Metal,Non-Ferrous,11.02,,,,,,,,JVASP-91746,JARVIS dft_3d (scraped),,
LaZn5,LaZn5,Metal,Non-Ferrous,6.987,,,,,,,,JVASP-86369,JARVIS dft_3d (scraped),,
Tc3Pd,Tc3Pd,Metal,Non-Ferrous,11.431,,,,,,,,JVASP-91989,JARVIS dft_3d (scraped),,
Fe11Co5,Fe11Co5,Metal,Ferrous,8.252,,,,,,,,JVASP-85365,JARVIS dft_3d (scraped),,
PrAlH6,PrAlH6,Metal,Non-Ferrous,3.79,,,,132.30036449320716,,,,JVASP-90812,JARVIS dft_3d (scraped),,
Ba2MgH6,Ba2MgH6,Metal,Non-Ferrous,3.949,,,,78.75977175645521,,,,JVASP-85665,JARVIS dft_3d (scraped),,
RbBi,RbBi,Metal,Non-Ferrous,5.509,,,,,,,,JVASP-98226,JARVIS dft_3d (scraped),,
UInPt,UInPt,Metal,Non-Ferrous,13.84,,,,113.5845899333827,,,,JVASP-90168,JARVIS dft_3d (scraped),,
TiFeCoAs,TiFeCoAs,Metal,Ferrous,7.915,,,,29.529734868490547,,,,JVASP-37035,JARVIS dft_3d (scraped),,
Yb2InCu2,Yb2InCu2,Metal,Non-Ferrous,9.516,,,,,,,,JVASP-97801,JARVIS dft_3d (scraped),,
BeNi4Ru,BeNi4Ru,Metal,Superalloy,8.2,,,,,,,,JVASP-64946,JARVIS dft_3d (scraped),,
LaIn5Co,LaIn5Co,Metal,Non-Ferrous,7.656,,,,,,,,JVASP-98701,JARVIS dft_3d (scraped),,
Ba4ZrCu,Ba4ZrCu,Metal,Non-Ferrous,4.662,,,,,,,,JVASP-64188,JARVIS dft_3d (scraped),,
Ba4TaCo,Ba4TaCo,Metal,Non-Ferrous,5.759,,,,,,,,JVASP-63915,JARVIS dft_3d (scraped),,
Mn3Ga,Mn3Ga,Metal,Non-Ferrous,8.327,,,,,,,,JVASP-37189,JARVIS dft_3d (scraped),,
TiFe2As,TiFe2As,Metal,Ferrous,7.972,,,,68.82484358945989,,,,JVASP-37044,JARVIS dft_3d (scraped),,
Co3Bi,Co3Bi,Metal,Non-Ferrous,11.548,,,,128.46799867138196,,,,JVASP-37946,JARVIS dft_3d (scraped),,
Ti2GaFe,Ti2GaFe,Metal,Ferrous,6.543,,,,81.66994346425447,,,,JVASP-37051,JARVIS dft_3d (scraped),,
BaNaSc,BaNaSc,Metal,Non-Ferrous,2.595,,,,,,,,JVASP-64005,JARVIS dft_3d (scraped),,
HoAg,HoAg,Metal,Non-Ferrous,9.792,,,,83.30667899237348,,,,JVASP-15056,JARVIS dft_3d (scraped),,
Ba4CuSe,Ba4CuSe,Metal,Non-Ferrous,4.82,,,,,,,,JVASP-64131,JARVIS dft_3d (scraped),,
TiFe2Sb,TiFe2Sb,Metal,Ferrous,8.471,,,,120.99044036055244,,,,JVASP-37031,JARVIS dft_3d (scraped),,
NdTe,NdTe,Metal,Non-Ferrous,7.022,,,,88.35350756533701,,,,JVASP-14789,JARVIS dft_3d (scraped),,
LaAs,LaAs,Metal,Non-Ferrous,5.997,,,,,,,,JVASP-18944,JARVIS dft_3d (scraped),,
Be2RuPb,Be2RuPb,Metal,Non-Ferrous,9.706,,,,89.1034265526388,,,,JVASP-64985,JARVIS dft_3d (scraped),,
Ba4NiBr,Ba4NiBr,Metal,Non-Ferrous,3.032,,,,,,,,JVASP-64784,JARVIS dft_3d (scraped),,
BaSrCd,BaSrCd,Metal,Non-Ferrous,4.249,,,,,,,,JVASP-64093,JARVIS dft_3d (scraped),,
Ti2GaNi,Ti2GaNi,Metal,Superalloy,6.386,,,,,,,,JVASP-37049,JARVIS dft_3d (scraped),,
Li2GaPt,Li2GaPt,Metal,Non-Ferrous,8.375,,,,,,,,JVASP-15260,JARVIS dft_3d (scraped),,
Ba4LiSn,Ba4LiSn,Metal,Non-Ferrous,4.254,,,,,,,,JVASP-64429,JARVIS dft_3d (scraped),,
Mn,Mn,Metal,Non-Ferrous,8.517,,,,332.1784706185301,,,,JVASP-16080,JARVIS dft_3d (scraped),,
Ti3Ge,Ti3Ge,Metal,Non-Ferrous,5.647,,,,100.93782546771274,,,,JVASP-37042,JARVIS dft_3d (scraped),,
Mn2SnRu,Mn2SnRu,Metal,Non-Ferrous,9.319,,,,49.56771895485182,,,,JVASP-37191,JARVIS dft_3d (scraped),,
Ti3Sn,Ti3Sn,Metal,Non-Ferrous,6.117,,,,74.1302972835813,,,,JVASP-37039,JARVIS dft_3d (scraped),,
Na3Hg2,Na3Hg2,Metal,Non-Ferrous,5.647,,,,,,,,JVASP-97337,JARVIS dft_3d (scraped),,
Ba4NbFe,Ba4NbFe,Metal,Ferrous,5.031,,,,,,,,JVASP-64316,JARVIS dft_3d (scraped),,
Sc2MnGe,Sc2MnGe,Metal,Non-Ferrous,5.484,,,,54.22720930963987,,,,JVASP-37104,JARVIS dft_3d (scraped),,
Ba4LaTc,Ba4LaTc,Metal,Non-Ferrous,5.651,,,,,,,,JVASP-64047,JARVIS dft_3d (scraped),,
MgMnRh2,MgMnRh2,Metal,Non-Ferrous,8.279,,,,,,,,JVASP-38842,JARVIS dft_3d (scraped),,
Ba4LiPb,Ba4LiPb,Metal,Non-Ferrous,4.705,,,,,,,,JVASP-64528,JARVIS dft_3d (scraped),,
Ba4HfCu,Ba4HfCu,Metal,Non-Ferrous,5.347,,,,,,,,JVASP-64244,JARVIS dft_3d (scraped),,
Ba4TlTe,Ba4TlTe,Metal,Non-Ferrous,5.748,,,,,,,,JVASP-64379,JARVIS dft_3d (scraped),,
Ti2InNi,Ti2InNi,Metal,Superalloy,6.874,,,,55.7472727771228,,,,JVASP-37057,JARVIS dft_3d (scraped),,
Ba4BiPd,Ba4BiPd,Metal,Non-Ferrous,6.084,,,,,,,,JVASP-63958,JARVIS dft_3d (scraped),,
Ba4TiSe,Ba4TiSe,Metal,Non-Ferrous,4.538,,,,,,,,JVASP-64670,JARVIS dft_3d (scraped),,
Al9Co2,Al9Co2,Metal,Non-Ferrous,3.569,,,,174.55121132165985,,,,JVASP-11958,JARVIS dft_3d (scraped),,
HoMn12,HoMn12,Metal,Non-Ferrous,8.859,,,,,,,,JVASP-97988,JARVIS dft_3d (scraped),,
ErSbPd,ErSbPd,Metal,Non-Ferrous,9.339,,,,113.81412234447863,,,,JVASP-1750,JARVIS dft_3d (scraped),,
Ba4GaCu,Ba4GaCu,Metal,Non-Ferrous,4.639,,,,-3.7152,,,,JVASP-64724,JARVIS dft_3d (scraped),,
Ba4ScNb,Ba4ScNb,Metal,Non-Ferrous,4.882,,,,,,,,JVASP-64865,JARVIS dft_3d (scraped),,
VFeRu2,VFeRu2,Metal,Ferrous,9.608,,,,150.25676325125625,,,,JVASP-37583,JARVIS dft_3d (scraped),,
Ni3Hg,Ni3Hg,Metal,Non-Ferrous,11.846,,,,147.9803317535545,,,,JVASP-39364,JARVIS dft_3d (scraped),,
Be2TlIr,Be2TlIr,Metal,Non-Ferrous,12.508,,,,-41.78480738822559,,,,JVASP-64907,JARVIS dft_3d (scraped),,
Mg4BeRu,Mg4BeRu,Metal,Non-Ferrous,3.221,,,,,,,,JVASP-65023,JARVIS dft_3d (scraped),,
Ti4CuAg,Ti4CuAg,Metal,Non-Ferrous,6.218,,,,,,,,JVASP-107737,JARVIS dft_3d (scraped),,
K3Sb,K3Sb,Metal,Non-Ferrous,2.352,,,,,,,,JVASP-90429,JARVIS dft_3d (scraped),,
PrMgAg,PrMgAg,Metal,Non-Ferrous,5.971,,,,,,,,JVASP-89958,JARVIS dft_3d (scraped),,
ZnTe,ZnTe,Metal,Non-Ferrous,5.474,,,,59.67544101952412,,,,JVASP-1198,JARVIS dft_3d (scraped),,
Te8Mo3W,Te8Mo3W,Metal,Non-Ferrous,5.915,,,,,,,,JVASP-29105,JARVIS dft_3d (scraped),,
Ba4CdSn,Ba4CdSn,Metal,Non-Ferrous,5.08,,,,,,,,JVASP-64586,JARVIS dft_3d (scraped),,
FeAu3,FeAu3,Metal,Ferrous,16.004,,,,78.83528958394014,,,,JVASP-39275,JARVIS dft_3d (scraped),,
Li,Li,Metal,Non-Ferrous,0.585,,,,17.610447761194028,,,,JVASP-14757,JARVIS dft_3d (scraped),,
LiGa2Rh,LiGa2Rh,Metal,Non-Ferrous,7.372,,,,,,,,JVASP-15478,JARVIS dft_3d (scraped),,
CoTe2,CoTe2,Metal,Non-Ferrous,7.521,,,,70.1514545731089,,,,JVASP-28353,JARVIS dft_3d (scraped),,
BePd4Rh,BePd4Rh,Metal,Non-Ferrous,9.466,,,,,,,,JVASP-65065,JARVIS dft_3d (scraped),,
HgBr2,HgBr2,Metal,Non-Ferrous,6.136,,,,15.79223977695167,,,,JVASP-3648,JARVIS dft_3d (scraped),,
Ba4CoW,Ba4CoW,Metal,Non-Ferrous,5.958,,,,,,,,JVASP-64132,JARVIS dft_3d (scraped),,
BeTlSe4,BeTlSe4,Metal,Non-Ferrous,6.057,,,,,,,,JVASP-65103,JARVIS dft_3d (scraped),,
Ba4ZrSn,Ba4ZrSn,Metal,Non-Ferrous,5.091,,,,,,,,JVASP-64006,JARVIS dft_3d (scraped),,
Ba4TaBe,Ba4TaBe,Metal,Non-Ferrous,5.245,,,,,,,,JVASP-63916,JARVIS dft_3d (scraped),,
NdAlNi,NdAlNi,Metal,Superalloy,6.506,,,,,,,,JVASP-89902,JARVIS dft_3d (scraped),,
CdI2,CdI2,Metal,Non-Ferrous,5.562,,,,24.227471992924524,,,,JVASP-5485,JARVIS dft_3d (scraped),,
LiGa2Pd,LiGa2Pd,Metal,Non-Ferrous,7.096,,,,94.86709265175718,,,,JVASP-15528,JARVIS dft_3d (scraped),,
Zn2AgAu,Zn2AgAu,Metal,Non-Ferrous,11.246,,,,,,,,JVASP-18822,JARVIS dft_3d (scraped),,
NdAl3Br12,NdAl3Br12,Metal,Non-Ferrous,3.512,,,,,,,,JVASP-14223,JARVIS dft_3d (scraped),,
Ba4MgBe,Ba4MgBe,Metal,Non-Ferrous,3.641,,,,1.243726937269373,,,,JVASP-64189,JARVIS dft_3d (scraped),,
SrCa2I6,SrCa2I6,Metal,Non-Ferrous,4.006,,,,,,,,JVASP-50007,JARVIS dft_3d (scraped),,
MnAsPd,MnAsPd,Metal,Non-Ferrous,8.155,,,,-0.5703341767464823,,,,JVASP-90229,JARVIS dft_3d (scraped),,
Ba4LiRu,Ba4LiRu,Metal,Non-Ferrous,4.565,,,,,,,,JVASP-64094,JARVIS dft_3d (scraped),,
Ho5NiPb3,Ho5NiPb3,Metal,Superalloy,10.567,,,,,,,,JVASP-86099,JARVIS dft_3d (scraped),,
AlCo4,AlCo4,Metal,Non-Ferrous,7.716,,,,,,,,JVASP-107776,JARVIS dft_3d (scraped),,
Zr6Ga2Fe,Zr6Ga2Fe,Metal,Ferrous,6.927,,,,,,,,JVASP-90041,JARVIS dft_3d (scraped),,
Y2Pd2Pb,Y2Pd2Pb,Metal,Non-Ferrous,8.79,,,,,,,,JVASP-97802,JARVIS dft_3d (scraped),,
BaCaI4,BaCaI4,Metal,Non-Ferrous,4.161,,,,17.850782833728704,,,,JVASP-12162,JARVIS dft_3d (scraped),,
LiDySe2,LiDySe2,Metal,Non-Ferrous,5.939,,,,70.63855795630894,,,,JVASP-1840,JARVIS dft_3d (scraped),,
CeMg6Zn,CeMg6Zn,Metal,Non-Ferrous,3.05,,,,,,,,JVASP-92195,JARVIS dft_3d (scraped),,
Ba4NbZn,Ba4NbZn,Metal,Non-Ferrous,4.762,,,,,,,,JVASP-64437,JARVIS dft_3d (scraped),,
MnSe,MnSe,Metal,Non-Ferrous,5.744,,,,27.074157303370782,,,,JVASP-19923,JARVIS dft_3d (scraped),,
HgI2,HgI2,Metal,Non-Ferrous,6.134,,,,,,,,JVASP-60703,JARVIS dft_3d (scraped),,
YGa2Pd,YGa2Pd,Metal,Non-Ferrous,7.486,,,,,,,,JVASP-91654,JARVIS dft_3d (scraped),,
Ba4YGe,Ba4YGe,Metal,Non-Ferrous,4.569,,,,,,,,JVASP-64380,JARVIS dft_3d (scraped),,
Ba4TiCd,Ba4TiCd,Metal,Non-Ferrous,4.675,,,,10.233336468375263,,,,JVASP-64317,JARVIS dft_3d (scraped),,
HfTe2,HfTe2,Metal,Non-Ferrous,7.775,,,,50.97605553477936,,,,JVASP-18887,JARVIS dft_3d (scraped),,
Ba4InPb,Ba4InPb,Metal,Non-Ferrous,5.625,,,,,,,,JVASP-64530,JARVIS dft_3d (scraped),,
Ba4LiTi,Ba4LiTi,Metal,Non-Ferrous,3.703,,,,,,,,JVASP-64671,JARVIS dft_3d (scraped),,
Ba4TlCd,Ba4TlCd,Metal,Non-Ferrous,5.473,,,,,,,,JVASP-64725,JARVIS dft_3d (scraped),,
Ba4TlGe,Ba4TlGe,Metal,Non-Ferrous,5.552,,,,,,,,JVASP-64866,JARVIS dft_3d (scraped),,
Mg3Sb,Mg3Sb,Metal,Non-Ferrous,3.508,,,,,,,,JVASP-90582,JARVIS dft_3d (scraped),,
Na3SbTe3,Na3SbTe3,Metal,Non-Ferrous,4.349,,,,,,,,JVASP-88834,JARVIS dft_3d (scraped),,
PrAl,PrAl,Metal,Non-Ferrous,5.372,,,,,,,,JVASP-91609,JARVIS dft_3d (scraped),,
Rb2FeI4,Rb2FeI4,Metal,Ferrous,4.141,,,,,,,,JVASP-86781,JARVIS dft_3d (scraped),,
K3Rh,K3Rh,Metal,Non-Ferrous,2.592,,,,,,,,JVASP-38492,JARVIS dft_3d (scraped),,
HfGe2,HfGe2,Metal,Non-Ferrous,9.883,,,,31.755997258396164,,,,JVASP-98189,JARVIS dft_3d (scraped),,
DyAl3,DyAl3,Metal,Non-Ferrous,4.974,,,,117.0644783921933,,,,JVASP-18823,JARVIS dft_3d (scraped),,
LuSnRh,LuSnRh,Metal,Non-Ferrous,10.844,,,,,,,,JVASP-90237,JARVIS dft_3d (scraped),,
Be2CuIr,Be2CuIr,Metal,Non-Ferrous,10.556,,,,228.275995237544,,,,JVASP-65030,JARVIS dft_3d (scraped),,
LaCu5,LaCu5,Metal,Non-Ferrous,7.846,,,,,,,,JVASP-86375,JARVIS dft_3d (scraped),,
Ba4ZnPd,Ba4ZnPd,Metal,Non-Ferrous,5.058,,,,,,,,JVASP-64014,JARVIS dft_3d (scraped),,
Ba4MgTe,Ba4MgTe,Metal,Non-Ferrous,4.327,,,,2.2353056486974467,,,,JVASP-64331,JARVIS dft_3d (scraped),,
CeMg6Cu,CeMg6Cu,Metal,Non-Ferrous,3.154,,,,,,,,JVASP-92200,JARVIS dft_3d (scraped),,
SmCoSb2,SmCoSb2,Metal,Non-Ferrous,8.177,,,,,,,,JVASP-90815,JARVIS dft_3d (scraped),,
BaSb2Au2,BaSb2Au2,Metal,Non-Ferrous,9.418,,,,,,,,JVASP-86905,JARVIS dft_3d (scraped),,
Ba4NbIn,Ba4NbIn,Metal,Non-Ferrous,5.113,,,,,,,,JVASP-64606,JARVIS dft_3d (scraped),,
Nd3MnBi5,Nd3MnBi5,Metal,Non-Ferrous,9.701,,,,,,,,JVASP-86851,JARVIS dft_3d (scraped),,
Dy3Co2Ge4,Dy3Co2Ge4,Metal,Non-Ferrous,8.833,,,,,,,,JVASP-90341,JARVIS dft_3d (scraped),,
Ba4LiSe,Ba4LiSe,Metal,Non-Ferrous,3.961,,,,-9.918367346938776,,,,JVASP-64873,JARVIS dft_3d (scraped),,
Ba4SnPd,Ba4SnPd,Metal,Non-Ferrous,5.554,,,,,,,,JVASP-63968,JARVIS dft_3d (scraped),,
Rb2AgAu3I8,Rb2AgAu3I8,Metal,Non-Ferrous,6.047,,,,,,,,JVASP-98568,JARVIS dft_3d (scraped),,
Ba4MoPd,Ba4MoPd,Metal,Non-Ferrous,5.499,,,,,,,,JVASP-63924,JARVIS dft_3d (scraped),,
Ba4ZnPb,Ba4ZnPb,Metal,Non-Ferrous,5.294,,,,,,,,JVASP-64389,JARVIS dft_3d (scraped),,
BaLiCa,BaLiCa,Metal,Non-Ferrous,2.007,,,,-46.16253574833173,,,,JVASP-64680,JARVIS dft_3d (scraped),,
Ba4TlCu,Ba4TlCu,Metal,Non-Ferrous,5.127,,,,,,,,JVASP-64262,JARVIS dft_3d (scraped),,
Ba2TiSe,Ba2TiSe,Metal,Non-Ferrous,4.856,,,,,,,,JVASP-64103,JARVIS dft_3d (scraped),,
Ba4TaSn,Ba4TaSn,Metal,Non-Ferrous,5.919,,,,,,,,JVASP-64055,JARVIS dft_3d (scraped),,
Ba4CrTe,Ba4CrTe,Metal,Non-Ferrous,4.456,,,,,,,,JVASP-64459,JARVIS dft_3d (scraped),,
Sm2Ge3,Sm2Ge3,Metal,Non-Ferrous,6.951,,,,,,,,JVASP-107742,JARVIS dft_3d (scraped),,
Ba4LaPd,Ba4LaPd,Metal,Non-Ferrous,5.038,,,,,,,,JVASP-64800,JARVIS dft_3d (scraped),,
Ba4TiIn,Ba4TiIn,Metal,Non-Ferrous,4.703,,,,,,,,JVASP-64542,JARVIS dft_3d (scraped),,
Tc,Tc,Metal,Non-Ferrous,11.191,,,,362.207694532832,,,,JVASP-16084,JARVIS dft_3d (scraped),,
ZrBeCd,ZrBeCd,Metal,Non-Ferrous,5.379,,,,-82.49611165131842,,,,JVASP-64955,JARVIS dft_3d (scraped),,
NaBeBr4,NaBeBr4,Metal,Non-Ferrous,3.116,,,,-111.13950846894718,,,,JVASP-65071,JARVIS dft_3d (scraped),,
Sr,Sr,Metal,Non-Ferrous,2.819,,,,22.44025418343572,,,,JVASP-14833,JARVIS dft_3d (scraped),,
Ba2LaGa,Ba2LaGa,Metal,Non-Ferrous,5.504,,,,,,,,JVASP-64201,JARVIS dft_3d (scraped),,
Be2CoTe,Be2CoTe,Metal,Non-Ferrous,6.603,,,,-21.88774566473988,,,,JVASP-64993,JARVIS dft_3d (scraped),,
ErH3,ErH3,Metal,Non-Ferrous,8.547,,,,,,,,JVASP-91703,JARVIS dft_3d (scraped),,
Ba4MgSc,Ba4MgSc,Metal,Non-Ferrous,3.716,,,,2.805194805194805,,,,JVASP-64738,JARVIS dft_3d (scraped),,
Ba4CaOs,Ba4CaOs,Metal,Non-Ferrous,5.554,,,,,,,,JVASP-64016,JARVIS dft_3d (scraped),,
VSe,VSe,Metal,Non-Ferrous,6.037,,,,57.79166339074524,,,,JVASP-18513,JARVIS dft_3d (scraped),,
LiMg3,LiMg3,Metal,Non-Ferrous,1.537,,,,,,,,JVASP-90585,JARVIS dft_3d (scraped),,
Be2TcSb,Be2TcSb,Metal,Non-Ferrous,7.306,,,,128.02381886572869,,,,JVASP-64915,JARVIS dft_3d (scraped),,
Ba4LaZr,Ba4LaZr,Metal,Non-Ferrous,4.756,,,,,,,,JVASP-64332,JARVIS dft_3d (scraped),,
Ba4SrPt,Ba4SrPt,Metal,Non-Ferrous,5.259,,,,,,,,JVASP-64263,JARVIS dft_3d (scraped),,
Ba4SbSe,Ba4SbSe,Metal,Non-Ferrous,5.359,,,,,,,,JVASP-63925,JARVIS dft_3d (scraped),,
BaNaCd,BaNaCd,Metal,Non-Ferrous,3.307,,,,,,,,JVASP-64056,JARVIS dft_3d (scraped),,
ScBeIn4,ScBeIn4,Metal,Non-Ferrous,5.805,,,,,,,,JVASP-65031,JARVIS dft_3d (scraped),,
Ba4SrIr,Ba4SrIr,Metal,Non-Ferrous,5.592,,,,-40.052698608964455,,,,JVASP-64610,JARVIS dft_3d (scraped),,
KBa4Ru,KBa4Ru,Metal,Non-Ferrous,4.251,,,,,,,,JVASP-64390,JARVIS dft_3d (scraped),,
SnPd2,SnPd2,Metal,Non-Ferrous,10.616,,,,,,,,JVASP-85862,JARVIS dft_3d (scraped),,
Ba4TaCu,Ba4TaCu,Metal,Non-Ferrous,5.615,,,,,,,,JVASP-64104,JARVIS dft_3d (scraped),,
TiNi,TiNi,Metal,Non-Ferrous,6.542,,,,80.93274356885111,,,,JVASP-14790,JARVIS dft_3d (scraped),,
TiFeCoSb,TiFeCoSb,Metal,Ferrous,8.422,,,,10.548300720906283,,,,JVASP-37034,JARVIS dft_3d (scraped),,
CdIn2Se4,CdIn2Se4,Metal,Non-Ferrous,5.36,,,,44.04636702819956,,,,JVASP-22645,JARVIS dft_3d (scraped),,
BeRePb4,BeRePb4,Metal,Non-Ferrous,9.868,,,,,,,,JVASP-65066,JARVIS dft_3d (scraped),,
Ti2GaCo,Ti2GaCo,Metal,Non-Ferrous,6.598,,,,76.42512077294687,,,,JVASP-37050,JARVIS dft_3d (scraped),,
Ti3In,Ti3In,Metal,Non-Ferrous,5.949,,,,70.08271068635969,,,,JVASP-37036,JARVIS dft_3d (scraped),,
MnGaFeCo,MnGaFeCo,Metal,Ferrous,8.605,,,,75.96959098694239,,,,JVASP-37190,JARVIS dft_3d (scraped),,
TmUTc2,TmUTc2,Metal,Non-Ferrous,13.053,,,,-4.334113803430438,,,,JVASP-41448,JARVIS dft_3d (scraped),,
Hf2Ni,Hf2Ni,Metal,Non-Ferrous,12.992,,,,61.77821660434493,,,,JVASP-86323,JARVIS dft_3d (scraped),,
HfSn2,HfSn2,Metal,Non-Ferrous,10.142,,,,,,,,JVASP-89970,JARVIS dft_3d (scraped),,
LaAu,LaAu,Metal,Non-Ferrous,10.037,,,,,,,,JVASP-98176,JARVIS dft_3d (scraped),,
Ba4MgZr,Ba4MgZr,Metal,Non-Ferrous,4.282,,,,,,,,JVASP-64726,JARVIS dft_3d (scraped),,
CeFeSb2,CeFeSb2,Metal,Ferrous,8.057,,,,,,,,JVASP-91940,JARVIS dft_3d (scraped),,
Ba4GaGe,Ba4GaGe,Metal,Non-Ferrous,4.769,,,,,,,,JVASP-63959,JARVIS dft_3d (scraped),,
ZrBe2Sn,ZrBe2Sn,Metal,Non-Ferrous,5.796,,,,,,,,JVASP-64948,JARVIS dft_3d (scraped),,
Rb3Sn,Rb3Sn,Metal,Non-Ferrous,3.316,,,,12.327276131045242,,,,JVASP-38201,JARVIS dft_3d (scraped),,
Rb3Ge,Rb3Ge,Metal,Non-Ferrous,3.176,,,,11.306350148367953,,,,JVASP-38246,JARVIS dft_3d (scraped),,
Cu2As,Cu2As,Metal,Non-Ferrous,7.648,,,,,,,,JVASP-15811,JARVIS dft_3d (scraped),,
K3Sn,K3Sn,Metal,Non-Ferrous,2.378,,,,,,,,JVASP-39287,JARVIS dft_3d (scraped),,
Ti2AlZn,Ti2AlZn,Metal,Non-Ferrous,4.767,,,,,,,,JVASP-37056,JARVIS dft_3d (scraped),,
Re3Ni,Re3Ni,Metal,Non-Ferrous,18.358,,,,,,,,JVASP-91990,JARVIS dft_3d (scraped),,
SmOs2,SmOs2,Metal,Non-Ferrous,15.692,,,,,,,,JVASP-86275,JARVIS dft_3d (scraped),,
YMg2Cu9,YMg2Cu9,Metal,Non-Ferrous,6.789,,,,,,,,JVASP-97680,JARVIS dft_3d (scraped),,
Mn2GaW,Mn2GaW,Metal,Non-Ferrous,11.791,,,,,,,,JVASP-38483,JARVIS dft_3d (scraped),,
Mg4BeNi,Mg4BeNi,Metal,Superalloy,2.441,,,,,,,,JVASP-65024,JARVIS dft_3d (scraped),,
CeCu,CeCu,Metal,Non-Ferrous,8.289,,,,,,,,JVASP-85558,JARVIS dft_3d (scraped),,
TcBr3,TcBr3,Metal,Non-Ferrous,5.138,,,,22.956132346275872,,,,JVASP-86155,JARVIS dft_3d (scraped),,
TbHoCo4,TbHoCo4,Metal,Non-Ferrous,10.376,,,,,,,,JVASP-107738,JARVIS dft_3d (scraped),,
MgSn3,MgSn3,Metal,Non-Ferrous,5.992,,,,,,,,JVASP-90769,JARVIS dft_3d (scraped),,
Ho5CoSb2,Ho5CoSb2,Metal,Non-Ferrous,9.129,,,,,,,,JVASP-98039,JARVIS dft_3d (scraped),,
MoBr3,MoBr3,Metal,Non-Ferrous,4.977,,,,,,,,JVASP-22722,JARVIS dft_3d (scraped),,
K2Ga3,K2Ga3,Metal,Non-Ferrous,3.459,,,,,,,,JVASP-86679,JARVIS dft_3d (scraped),,
Ba4SnSe,Ba4SnSe,Metal,Non-Ferrous,5.247,,,,,,,,JVASP-64133,JARVIS dft_3d (scraped),,
ErAlCu,ErAlCu,Metal,Non-Ferrous,7.632,,,,,,,,JVASP-90169,JARVIS dft_3d (scraped),,
MgBe2Mo,MgBe2Mo,Metal,Non-Ferrous,4.469,,,,100.82672215142138,,,,JVASP-64910,JARVIS dft_3d (scraped),,
Ba4TePd,Ba4TePd,Metal,Non-Ferrous,5.524,,,,,,,,JVASP-63917,JARVIS dft_3d (scraped),,
Al2Au,Al2Au,Metal,Non-Ferrous,7.498,,,,109.50101993457658,,,,JVASP-14998,JARVIS dft_3d (scraped),,
VCu3Se4,VCu3Se4,Metal,Non-Ferrous,5.258,,,,,,,,JVASP-3489,JARVIS dft_3d (scraped),,
Ba4CoSn,Ba4CoSn,Metal,Non-Ferrous,5.052,,,,,,,,JVASP-64008,JARVIS dft_3d (scraped),,
Ti2InCo,Ti2InCo,Metal,Non-Ferrous,7.064,,,,52.49638664499187,,,,JVASP-37046,JARVIS dft_3d (scraped),,
ZnFeRh2,ZnFeRh2,Metal,Ferrous,10.004,,,,,,,,JVASP-38764,JARVIS dft_3d (scraped),,
Mg7Fe,Mg7Fe,Metal,Ferrous,2.295,,,,63.86612014690451,,,,JVASP-91891,JARVIS dft_3d (scraped),,
Ba4ZnIn,Ba4ZnIn,Metal,Non-Ferrous,4.668,,,,,,,,JVASP-64588,JARVIS dft_3d (scraped),,
TaSe2,TaSe2,Metal,Non-Ferrous,8.34,,,,80.13382337387627,,,,JVASP-589,JARVIS dft_3d (scraped),,
Ba4GeBi,Ba4GeBi,Metal,Non-Ferrous,5.726,,,,,,,,JVASP-63969,JARVIS dft_3d (scraped),,
Ba4HfTl,Ba4HfTl,Metal,Non-Ferrous,6.164,,,,,,,,JVASP-64462,JARVIS dft_3d (scraped),,
SmInNi,SmInNi,Metal,Superalloy,8.552,,,,,,,,JVASP-89905,JARVIS dft_3d (scraped),,
Nb5As4Pd4,Nb5As4Pd4,Metal,Non-Ferrous,9.163,,,,,,,,JVASP-86978,JARVIS dft_3d (scraped),,
FeAgSe2,FeAgSe2,Metal,Ferrous,5.643,,,,,,,,JVASP-90438,JARVIS dft_3d (scraped),,
RbFeSe2,RbFeSe2,Metal,Ferrous,4.42,,,,,,,,JVASP-90539,JARVIS dft_3d (scraped),,
PaNi3,PaNi3,Metal,Non-Ferrous,11.502,,,,137.17842473235746,,,,JVASP-91993,JARVIS dft_3d (scraped),,
Ba4ZnTe,Ba4ZnTe,Metal,Non-Ferrous,4.805,,,,,,,,JVASP-64544,JARVIS dft_3d (scraped),,
Ba4MgPd,Ba4MgPd,Metal,Non-Ferrous,4.54,,,,,,,,JVASP-64203,JARVIS dft_3d (scraped),,
ZrBe2Cr,ZrBe2Cr,Metal,Non-Ferrous,5.084,,,,83.4251045413973,,,,JVASP-64878,JARVIS dft_3d (scraped),,
ZrBePb4,ZrBePb4,Metal,Non-Ferrous,8.886,,,,,,,,JVASP-65073,JARVIS dft_3d (scraped),,
CaZn3Se4,CaZn3Se4,Metal,Non-Ferrous,4.391,,,,33.09671548501746,,,,JVASP-91944,JARVIS dft_3d (scraped),,
DyInCo2,DyInCo2,Metal,Non-Ferrous,9.253,,,,,,,,JVASP-90631,JARVIS dft_3d (scraped),,
SmGePt,SmGePt,Metal,Non-Ferrous,11.327,,,,,,,,JVASP-97390,JARVIS dft_3d (scraped),,
Ba4NaW,Ba4NaW,Metal,Non-Ferrous,5.177,,,,,,,,JVASP-64017,JARVIS dft_3d (scraped),,
Rb4Zr3Te16,Rb4Zr3Te16,Metal,Non-Ferrous,5.281,,,,,,,,JVASP-98046,JARVIS dft_3d (scraped),,
CeMgAg,CeMgAg,Metal,Non-Ferrous,6.207,,,,,,,,JVASP-90046,JARVIS dft_3d (scraped),,
Ba4CdHg,Ba4CdHg,Metal,Non-Ferrous,5.477,,,,1.418978102189781,,,,JVASP-64144,JARVIS dft_3d (scraped),,
TiCd,TiCd,Metal,Non-Ferrous,7.025,,,,96.93800225617886,,,,JVASP-18656,JARVIS dft_3d (scraped),,
Ba4TiMn,Ba4TiMn,Metal,Non-Ferrous,4.6,,,,,,,,JVASP-63926,JARVIS dft_3d (scraped),,
Ba4NbPb,Ba4NbPb,Metal,Non-Ferrous,5.739,,,,,,,,JVASP-64266,JARVIS dft_3d (scraped),,
EuIn2,EuIn2,Metal,Non-Ferrous,8.126,,,,,,,,JVASP-85565,JARVIS dft_3d (scraped),,
ErAgGe,ErAgGe,Metal,Non-Ferrous,9.508,,,,,,,,JVASP-86278,JARVIS dft_3d (scraped),,
MnBiSe2I,MnBiSe2I,Metal,Non-Ferrous,6.554,,,,,,,,JVASP-86211,JARVIS dft_3d (scraped),,
Ba4FeSn,Ba4FeSn,Metal,Ferrous,5.086,,,,,,,,JVASP-64057,JARVIS dft_3d (scraped),,
Ag2Se,Ag2Se,Metal,Non-Ferrous,7.529,,,,,,,,JVASP-22648,JARVIS dft_3d (scraped),,
Ba3Li4Sn8,Ba3Li4Sn8,Metal,Non-Ferrous,5.4,,,,,,,,JVASP-98735,JARVIS dft_3d (scraped),,
ZrBe2Nb,ZrBe2Nb,Metal,Non-Ferrous,5.633,,,,,,,,JVASP-64956,JARVIS dft_3d (scraped),,
AlFe2,AlFe2,Metal,Ferrous,6.232,,,,,,,,JVASP-18825,JARVIS dft_3d (scraped),,
BaCaBr,BaCaBr,Metal,Non-Ferrous,2.914,,,,-173.6151904243744,,,,JVASP-64334,JARVIS dft_3d (scraped),,
Ba4LiNb,Ba4LiNb,Metal,Non-Ferrous,4.046,,,,6.095049504950496,,,,JVASP-64739,JARVIS dft_3d (scraped),,
BeCo4Ru,BeCo4Ru,Metal,Non-Ferrous,8.231,,,,162.14821189003328,,,,JVASP-64994,JARVIS dft_3d (scraped),,
BeInSn,BeInSn,Metal,Non-Ferrous,6.247,,,,27.160255001099145,,,,JVASP-65109,JARVIS dft_3d (scraped),,
FeH3,FeH3,Metal,Ferrous,5.474,,,,8.7749530956848,,,,JVASP-90860,JARVIS dft_3d (scraped),,
FeCu2GeSe4,FeCu2GeSe4,Metal,Ferrous,5.348,,,,60.51529307544663,,,,JVASP-90718,JARVIS dft_3d (scraped),,
PrYMg2,PrYMg2,Metal,Non-Ferrous,4.122,,,,,,,,JVASP-107744,JARVIS dft_3d (scraped),,
Ba4NbSn,Ba4NbSn,Metal,Non-Ferrous,5.221,,,,,,,,JVASP-64105,JARVIS dft_3d (scraped),,
NdAl2Ga2,NdAl2Ga2,Metal,Non-Ferrous,5.621,,,,,,,,JVASP-86037,JARVIS dft_3d (scraped),,
Ba4ZnSb,Ba4ZnSb,Metal,Non-Ferrous,4.873,,,,,,,,JVASP-64547,JARVIS dft_3d (scraped),,
Ba4TcSb,Ba4TcSb,Metal,Non-Ferrous,5.456,,,,,,,,JVASP-63970,JARVIS dft_3d (scraped),,
Ba4SrRu,Ba4SrRu,Metal,Non-Ferrous,4.72,,,,,,,,JVASP-64612,JARVIS dft_3d (scraped),,
Ba4HfIn,Ba4HfIn,Metal,Non-Ferrous,5.615,,,,,,,,JVASP-64684,JARVIS dft_3d (scraped),,
CeMgPt,CeMgPt,Metal,Non-Ferrous,9.021,,,,,,,,JVASP-87915,JARVIS dft_3d (scraped),,
SrHfMg6,SrHfMg6,Metal,Non-Ferrous,3.467,,,,,,,,JVASP-92203,JARVIS dft_3d (scraped),,
RbMg7,RbMg7,Metal,Non-Ferrous,1.876,,,,,,,,JVASP-91894,JARVIS dft_3d (scraped),,
Ho4CdRh,Ho4CdRh,Metal,Non-Ferrous,9.581,,,,,,,,JVASP-98818,JARVIS dft_3d (scraped),,
Ba4MoSe,Ba4MoSe,Metal,Non-Ferrous,5.043,,,,0.7163727959697732,,,,JVASP-64391,JARVIS dft_3d (scraped),,
Ba4InSb,Ba4InSb,Metal,Non-Ferrous,5.225,,,,,,,,JVASP-64806,JARVIS dft_3d (scraped),,
Li4BeTc,Li4BeTc,Metal,Non-Ferrous,3.034,,,,,,,,JVASP-64916,JARVIS dft_3d (scraped),,
Mg5Tl2,Mg5Tl2,Metal,Non-Ferrous,5.399,,,,,,,,JVASP-98569,JARVIS dft_3d (scraped),,
Ba4InGa,Ba4InGa,Metal,Non-Ferrous,4.791,,,,,,,,JVASP-64463,JARVIS dft_3d (scraped),,
Tm2Ni17,Tm2Ni17,Metal,Non-Ferrous,9.536,,,,,,,,JVASP-97585,JARVIS dft_3d (scraped),,
TiInFe2,TiInFe2,Metal,Ferrous,8.171,,,,194.23535502807124,,,,JVASP-37028,JARVIS dft_3d (scraped),,
Be2NbCu,Be2NbCu,Metal,Non-Ferrous,5.953,,,,,,,,JVASP-64879,JARVIS dft_3d (scraped),,
Ba4ZnFe,Ba4ZnFe,Metal,Ferrous,4.679,,,,,,,,JVASP-63927,JARVIS dft_3d (scraped),,
Ba4TiCu,Ba4TiCu,Metal,Non-Ferrous,4.229,,,,,,,,JVASP-64745,JARVIS dft_3d (scraped),,
Ba4TiBe,Ba4TiBe,Metal,Non-Ferrous,4.141,,,,,,,,JVASP-64019,JARVIS dft_3d (scraped),,
Ba4CaNb,Ba4CaNb,Metal,Non-Ferrous,4.137,,,,-2.4511863503065845,,,,JVASP-64205,JARVIS dft_3d (scraped),,
Ba4TaBi,Ba4TaBi,Metal,Non-Ferrous,6.417,,,,,,,,JVASP-64059,JARVIS dft_3d (scraped),,
La3Ga,La3Ga,Metal,Non-Ferrous,6.756,,,,,,,,JVASP-88843,JARVIS dft_3d (scraped),,
Ta2Tl4Se11,Ta2Tl4Se11,Metal,Non-Ferrous,6.9,,,,,,,,JVASP-98047,JARVIS dft_3d (scraped),,
BaSrTe,BaSrTe,Metal,Non-Ferrous,3.98,,,,,,,,JVASP-64147,JARVIS dft_3d (scraped),,
Ba4YHf,Ba4YHf,Metal,Non-Ferrous,5.419,,,,,,,,JVASP-64272,JARVIS dft_3d (scraped),,
BeVSe,BeVSe,Metal,Non-Ferrous,6.046,,,,277.98241362549334,,,,JVASP-65074,JARVIS dft_3d (scraped),,
KTmI3,KTmI3,Metal,Non-Ferrous,5.332,,,,,,,,JVASP-86906,JARVIS dft_3d (scraped),,
Ba4GaPb,Ba4GaPb,Metal,Non-Ferrous,5.427,,,,,,,,JVASP-64335,JARVIS dft_3d (scraped),,
Ba4MnZn,Ba4MnZn,Metal,Non-Ferrous,4.732,,,,,,,,JVASP-64549,JARVIS dft_3d (scraped),,
Ba4TaGa,Ba4TaGa,Metal,Non-Ferrous,5.624,,,,,,,,JVASP-64107,JARVIS dft_3d (scraped),,
Ba4BiSb,Ba4BiSb,Metal,Non-Ferrous,5.994,,,,,,,,JVASP-63972,JARVIS dft_3d (scraped),,
Ba4ScTe,Ba4ScTe,Metal,Non-Ferrous,4.502,,,,,,,,JVASP-64613,JARVIS dft_3d (scraped),,
BeTcRh4,BeTcRh4,Metal,Non-Ferrous,9.706,,,,,,,,JVASP-64957,JARVIS dft_3d (scraped),,
Ba4SbBr,Ba4SbBr,Metal,Non-Ferrous,5.024,,,,,,,,JVASP-64807,JARVIS dft_3d (scraped),,
PrCu,PrCu,Metal,Non-Ferrous,7.068,,,,,,,,JVASP-91658,JARVIS dft_3d (scraped),,
Pr,Pr,Metal,Non-Ferrous,6.611,,,,42.962924568780565,,,,JVASP-14834,JARVIS dft_3d (scraped),,
Ca10Al6Ge9,Ca10Al6Ge9,Metal,Non-Ferrous,3.457,,,,,,,,JVASP-98098,JARVIS dft_3d (scraped),,
NaBeIn4,NaBeIn4,Metal,Non-Ferrous,4.996,,,,,,,,JVASP-65111,JARVIS dft_3d (scraped),,
Ba4TlPb,Ba4TlPb,Metal,Non-Ferrous,6.163,,,,,,,,JVASP-64464,JARVIS dft_3d (scraped),,
YInCo2,YInCo2,Metal,Non-Ferrous,7.481,,,,,,,,JVASP-91568,JARVIS dft_3d (scraped),,
KGaTe2,KGaTe2,Metal,Non-Ferrous,4.203,,,,,,,,JVASP-90441,JARVIS dft_3d (scraped),,
Ba4MnFe,Ba4MnFe,Metal,Ferrous,4.667,,,,,,,,JVASP-64061,JARVIS dft_3d (scraped),,
Sn3Te3Ir2,Sn3Te3Ir2,Metal,Non-Ferrous,8.727,,,,,,,,JVASP-97393,JARVIS dft_3d (scraped),,
Nb2Br5,Nb2Br5,Metal,Non-Ferrous,4.58,,,,,,,,JVASP-86734,JARVIS dft_3d (scraped),,
Ba4VTc,Ba4VTc,Metal,Non-Ferrous,5.486,,,,,,,,JVASP-64020,JARVIS dft_3d (scraped),,
Ba4VPb,Ba4VPb,Metal,Non-Ferrous,5.521,,,,,,,,JVASP-64206,JARVIS dft_3d (scraped),,
ScGeOs,ScGeOs,Metal,Non-Ferrous,10.416,,,,,,,,JVASP-90175,JARVIS dft_3d (scraped),,
KBaV,KBaV,Metal,Non-Ferrous,2.631,,,,-11.195531289374212,,,,JVASP-64392,JARVIS dft_3d (scraped),,
Ba4MgMo,Ba4MgMo,Metal,Non-Ferrous,4.723,,,,,,,,JVASP-63928,JARVIS dft_3d (scraped),,
Ru,Ru,Metal,Non-Ferrous,12.088,,,,482.69348437876914,,,,JVASP-16085,JARVIS dft_3d (scraped),,
Ba4LaBi,Ba4LaBi,Metal,Non-Ferrous,5.435,,,,,,,,JVASP-64749,JARVIS dft_3d (scraped),,
Nd5Ir3,Nd5Ir3,Metal,Non-Ferrous,10.378,,,,,,,,JVASP-98736,JARVIS dft_3d (scraped),,
Ba4ScPb,Ba4ScPb,Metal,Non-Ferrous,5.096,,,,,,,,JVASP-64148,JARVIS dft_3d (scraped),,
CeCuSe2,CeCuSe2,Metal,Non-Ferrous,6.641,,,,,,,,JVASP-97586,JARVIS dft_3d (scraped),,
Nd2Ga5Cu3,Nd2Ga5Cu3,Metal,Non-Ferrous,7.51,,,,,,,,JVASP-107745,JARVIS dft_3d (scraped),,
Ba4CaFe,Ba4CaFe,Metal,Ferrous,3.95,,,,,,,,JVASP-64108,JARVIS dft_3d (scraped),,
HoCoSn2,HoCoSn2,Metal,Non-Ferrous,7.645,,,,,,,,JVASP-98048,JARVIS dft_3d (scraped),,
Ba4SbPb,Ba4SbPb,Metal,Non-Ferrous,5.926,,,,,,,,JVASP-64275,JARVIS dft_3d (scraped),,
ScBe2Cu,ScBe2Cu,Metal,Non-Ferrous,4.151,,,,62.81964200693085,,,,JVASP-64995,JARVIS dft_3d (scraped),,
EuPd2,EuPd2,Metal,Non-Ferrous,10.528,,,,,,,,JVASP-85863,JARVIS dft_3d (scraped),,
Ba4ScSe,Ba4ScSe,Metal,Non-Ferrous,4.321,,,,,,,,JVASP-64336,JARVIS dft_3d (scraped),,
Be2FeW,Be2FeW,Metal,Ferrous,9.919,,,,212.17003177807177,,,,JVASP-64917,JARVIS dft_3d (scraped),,
MnTe,MnTe,Metal,Non-Ferrous,6.393,,,,76.4202316237296,,,,JVASP-91526,JARVIS dft_3d (scraped),,
Ba4CoSe,Ba4CoSe,Metal,Non-Ferrous,5.049,,,,,,,,JVASP-64614,JARVIS dft_3d (scraped),,
Be2NiRu,Be2NiRu,Metal,Superalloy,7.458,,,,,,,,JVASP-64685,JARVIS dft_3d (scraped),,
YZn,YZn,Metal,Non-Ferrous,5.662,,,,86.06454874938474,,,,JVASP-1396,JARVIS dft_3d (scraped),,
Ba4InSe,Ba4InSe,Metal,Non-Ferrous,5.04,,,,,,,,JVASP-64808,JARVIS dft_3d (scraped),,
Ba4TaSe,Ba4TaSe,Metal,Non-Ferrous,5.718,,,,,,,,JVASP-64062,JARVIS dft_3d (scraped),,
Ba4PdPb,Ba4PdPb,Metal,Non-Ferrous,6.101,,,,,,,,JVASP-63929,JARVIS dft_3d (scraped),,
MnBeCo4,MnBeCo4,Metal,Non-Ferrous,7.598,,,,144.5044860640526,,,,JVASP-64880,JARVIS dft_3d (scraped),,
MnBeCd4,MnBeCd4,Metal,Non-Ferrous,6.941,,,,,,,,JVASP-65112,JARVIS dft_3d (scraped),,
BaCaSc,BaCaSc,Metal,Non-Ferrous,2.932,,,,,,,,JVASP-64109,JARVIS dft_3d (scraped),,
Ba2NaBi,Ba2NaBi,Metal,Non-Ferrous,5.229,,,,,,,,JVASP-64149,JARVIS dft_3d (scraped),,
Ba4TlRh,Ba4TlRh,Metal,Non-Ferrous,6.198,,,,,,,,JVASP-64021,JARVIS dft_3d (scraped),,
Ba4HfCd,Ba4HfCd,Metal,Non-Ferrous,5.511,,,,,,,,JVASP-64207,JARVIS dft_3d (scraped),,
Ba4TeMo,Ba4TeMo,Metal,Non-Ferrous,5.187,,,,,,,,JVASP-64276,JARVIS dft_3d (scraped),,
ZnCu2GeTe4,ZnCu2GeTe4,Metal,Non-Ferrous,5.75,,,,,,,,JVASP-91614,JARVIS dft_3d (scraped),,
BeRuBr4,BeRuBr4,Metal,Non-Ferrous,4.322,,,,,,,,JVASP-65034,JARVIS dft_3d (scraped),,
TbSb2Pd,TbSb2Pd,Metal,Non-Ferrous,8.91,,,,,,,,JVASP-90632,JARVIS dft_3d (scraped),,
Ba4TeW,Ba4TeW,Metal,Non-Ferrous,6.0,,,,,,,,JVASP-63974,JARVIS dft_3d (scraped),,
Ba4CaPt,Ba4CaPt,Metal,Non-Ferrous,5.156,,,,-20.680174541077346,,,,JVASP-64550,JARVIS dft_3d (scraped),,
SrAs3,SrAs3,Metal,Non-Ferrous,5.087,,,,67.32291265846976,,,,JVASP-90816,JARVIS dft_3d (scraped),,
NaBeGe4,NaBeGe4,Metal,Non-Ferrous,4.423,,,,,,,,JVASP-64958,JARVIS dft_3d (scraped),,
WSe2,WSe2,Metal,Non-Ferrous,8.939,,,,104.45948981423314,,,,JVASP-75,JARVIS dft_3d (scraped),,
Ba4LiGa,Ba4LiGa,Metal,Non-Ferrous,3.806,,,,,,,,JVASP-64616,JARVIS dft_3d (scraped),,
Ba4HgBi,Ba4HgBi,Metal,Non-Ferrous,6.221,,,,,,,,JVASP-64337,JARVIS dft_3d (scraped),,
LiMg,LiMg,Metal,Non-Ferrous,1.283,,,,,,,,JVASP-90586,JARVIS dft_3d (scraped),,
Ba4VZn,Ba4VZn,Metal,Non-Ferrous,4.434,,,,,,,,JVASP-63930,JARVIS dft_3d (scraped),,
Bi2Te3,Bi2Te3,Metal,Non-Ferrous,7.813,,,,,,,,JVASP-86105,JARVIS dft_3d (scraped),,
KBaZr,KBaZr,Metal,Non-Ferrous,2.784,,,,,,,,JVASP-64278,JARVIS dft_3d (scraped),,
PaZn3,PaZn3,Metal,Non-Ferrous,9.448,,,,,,,,JVASP-91995,JARVIS dft_3d (scraped),,
Y3Sn,Y3Sn,Metal,Non-Ferrous,5.728,,,,,,,,JVASP-37701,JARVIS dft_3d (scraped),,
Ba4CrCo,Ba4CrCo,Metal,Non-Ferrous,4.517,,,,,,,,JVASP-64022,JARVIS dft_3d (scraped),,
BeCd4Rh,BeCd4Rh,Metal,Non-Ferrous,8.084,,,,,,,,JVASP-65113,JARVIS dft_3d (scraped),,
CaCdAu,CaCdAu,Metal,Non-Ferrous,8.148,,,,,,,,JVASP-86852,JARVIS dft_3d (scraped),,
Ba4GaSb,Ba4GaSb,Metal,Non-Ferrous,5.026,,,,,,,,JVASP-64553,JARVIS dft_3d (scraped),,
Ba4HfBr,Ba4HfBr,Metal,Non-Ferrous,5.019,,,,6.127080181543118,,,,JVASP-64465,JARVIS dft_3d (scraped),,
LaBe2Rh,LaBe2Rh,Metal,Non-Ferrous,6.189,,,,,,,,JVASP-64959,JARVIS dft_3d (scraped),,
Ba4YMn,Ba4YMn,Metal,Non-Ferrous,4.717,,,,,,,,JVASP-64618,JARVIS dft_3d (scraped),,
BaNaIn,BaNaIn,Metal,Non-Ferrous,3.407,,,,-64.8,,,,JVASP-64393,JARVIS dft_3d (scraped),,
Ba4CoPb,Ba4CoPb,Metal,Non-Ferrous,5.723,,,,,,,,JVASP-64282,JARVIS dft_3d (scraped),,
Ba4ZrNb,Ba4ZrNb,Metal,Non-Ferrous,5.457,,,,,,,,JVASP-63933,JARVIS dft_3d (scraped),,
BaSrTi,BaSrTi,Metal,Non-Ferrous,3.313,,,,-44.87274374001066,,,,JVASP-64063,JARVIS dft_3d (scraped),,
Ba4SnTe,Ba4SnTe,Metal,Non-Ferrous,5.392,,,,,,,,JVASP-64023,JARVIS dft_3d (scraped),,
Ti4H3Pd2,Ti4H3Pd2,Metal,Non-Ferrous,6.646,,,,,,,,JVASP-90047,JARVIS dft_3d (scraped),,
SrCaI4,SrCaI4,Metal,Non-Ferrous,3.918,,,,,,,,JVASP-42667,JARVIS dft_3d (scraped),,
Ba4ZrSc,Ba4ZrSc,Metal,Non-Ferrous,4.613,,,,18.479735682819385,,,,JVASP-64750,JARVIS dft_3d (scraped),,
Nb2Ru,Nb2Ru,Metal,Non-Ferrous,9.451,,,,,,,,JVASP-107746,JARVIS dft_3d (scraped),,
Ba4YPb,Ba4YPb,Metal,Non-Ferrous,5.233,,,,,,,,JVASP-64338,JARVIS dft_3d (scraped),,
La3Ni2Sn7,La3Ni2Sn7,Metal,Superalloy,7.536,,,,,,,,JVASP-97588,JARVIS dft_3d (scraped),,
Ba4TiW,Ba4TiW,Metal,Non-Ferrous,5.732,,,,,,,,JVASP-63977,JARVIS dft_3d (scraped),,
Ga,Ga,Metal,Non-Ferrous,6.018,,,,18.47119771863118,,,,JVASP-14620,JARVIS dft_3d (scraped),,
ThGaIr,ThGaIr,Metal,Non-Ferrous,13.033,,,,,,,,JVASP-89980,JARVIS dft_3d (scraped),,
BaAg2SnSe4,BaAg2SnSe4,Metal,Non-Ferrous,5.705,,,,,,,,JVASP-86212,JARVIS dft_3d (scraped),,
Ba4HfV,Ba4HfV,Metal,Non-Ferrous,5.725,,,,,,,,JVASP-64112,JARVIS dft_3d (scraped),,
MnAlFe2,MnAlFe2,Metal,Ferrous,7.062,,,,200.7139835137266,,,,JVASP-18826,JARVIS dft_3d (scraped),,
BeFe4Re,BeFe4Re,Metal,Ferrous,10.189,,,,,,,,JVASP-64960,JARVIS dft_3d (scraped),,
GaPd,GaPd,Metal,Non-Ferrous,9.587,,,,,,,,JVASP-91751,JARVIS dft_3d (scraped),,
Ba4VCr,Ba4VCr,Metal,Non-Ferrous,4.321,,,,,,,,JVASP-63934,JARVIS dft_3d (scraped),,
BaYIn,BaYIn,Metal,Non-Ferrous,4.954,,,,,,,,JVASP-64283,JARVIS dft_3d (scraped),,
Ba4MgPt,Ba4MgPt,Metal,Non-Ferrous,5.397,,,,,,,,JVASP-64024,JARVIS dft_3d (scraped),,
RbMg6Mo,RbMg6Mo,Metal,Non-Ferrous,2.93,,,,,,,,JVASP-92204,JARVIS dft_3d (scraped),,
Ba4YV,Ba4YV,Metal,Non-Ferrous,4.607,,,,,,,,JVASP-64394,JARVIS dft_3d (scraped),,
Ba4TeBr,Ba4TeBr,Metal,Non-Ferrous,4.943,,,,,,,,JVASP-64751,JARVIS dft_3d (scraped),,
Ba4ZnGa,Ba4ZnGa,Metal,Non-Ferrous,4.475,,,,,,,,JVASP-64339,JARVIS dft_3d (scraped),,
BeCuBr,BeCuBr,Metal,Non-Ferrous,4.943,,,,46.076663969993376,,,,JVASP-65076,JARVIS dft_3d (scraped),,
Rb2SnBr6,Rb2SnBr6,Metal,Non-Ferrous,4.237,,,,22.70944510436111,,,,JVASP-22649,JARVIS dft_3d (scraped),,
Be2TlCd,Be2TlCd,Metal,Non-Ferrous,8.093,,,,,,,,JVASP-64996,JARVIS dft_3d (scraped),,
Ba4LiBe,Ba4LiBe,Metal,Non-Ferrous,3.428,,,,-0.971957960295835,,,,JVASP-64150,JARVIS dft_3d (scraped),,
BeFe4Ge,BeFe4Ge,Metal,Ferrous,7.0,,,,128.76606764826352,,,,JVASP-64918,JARVIS dft_3d (scraped),,
Mg3Sb2,Mg3Sb2,Metal,Non-Ferrous,3.967,,,,,,,,JVASP-86379,JARVIS dft_3d (scraped),,
KBaMn,KBaMn,Metal,Non-Ferrous,2.85,,,,,,,,JVASP-63935,JARVIS dft_3d (scraped),,
Ba4TlV,Ba4TlV,Metal,Non-Ferrous,5.463,,,,,,,,JVASP-64113,JARVIS dft_3d (scraped),,
NiBr2,NiBr2,Metal,Non-Ferrous,5.168,,,,24.939739559946112,,,,JVASP-2026,JARVIS dft_3d (scraped),,
Zr3Sn,Zr3Sn,Metal,Non-Ferrous,7.253,,,,,,,,JVASP-90774,JARVIS dft_3d (scraped),,
Ba4YTi,Ba4YTi,Metal,Non-Ferrous,4.44,,,,12.968944099378882,,,,JVASP-64816,JARVIS dft_3d (scraped),,
Ba4CdBi,Ba4CdBi,Metal,Non-Ferrous,5.578,,,,7.156543837357051,,,,JVASP-64208,JARVIS dft_3d (scraped),,
Ba4InCo,Ba4InCo,Metal,Non-Ferrous,5.05,,,,,,,,JVASP-64066,JARVIS dft_3d (scraped),,
Ba4VSn,Ba4VSn,Metal,Non-Ferrous,4.991,,,,,,,,JVASP-64025,JARVIS dft_3d (scraped),,
Ba4NaTa,Ba4NaTa,Metal,Non-Ferrous,4.657,,,,6.79285828237171,,,,JVASP-64689,JARVIS dft_3d (scraped),,
BeCd4Ga,BeCd4Ga,Metal,Non-Ferrous,6.606,,,,,,,,JVASP-64882,JARVIS dft_3d (scraped),,
KBaMo,KBaMo,Metal,Non-Ferrous,3.556,,,,-22.06179065174457,,,,JVASP-64466,JARVIS dft_3d (scraped),,
Mg4MnBe,Mg4MnBe,Metal,Non-Ferrous,2.225,,,,,,,,JVASP-65077,JARVIS dft_3d (scraped),,
Ba4VGe,Ba4VGe,Metal,Non-Ferrous,4.803,,,,,,,,JVASP-63984,JARVIS dft_3d (scraped),,
KBaIn,KBaIn,Metal,Non-Ferrous,3.371,,,,,,,,JVASP-64151,JARVIS dft_3d (scraped),,
Er,Er,Metal,Non-Ferrous,9.303,,,,,,,,JVASP-14835,JARVIS dft_3d (scraped),,
HfGeRh,HfGeRh,Metal,Non-Ferrous,11.843,,,,,,,,JVASP-90240,JARVIS dft_3d (scraped),,
Ba4MoBr,Ba4MoBr,Metal,Non-Ferrous,4.613,,,,,,,,JVASP-64752,JARVIS dft_3d (scraped),,
PuFeC2,PuFeC2,Metal,Ferrous,11.91,,,,259.5686609711832,,,,JVASP-91704,JARVIS dft_3d (scraped),,
Y4OsBr4,Y4OsBr4,Metal,Non-Ferrous,5.599,,,,,,,,JVASP-88567,JARVIS dft_3d (scraped),,
Ba4CuGe,Ba4CuGe,Metal,Non-Ferrous,4.833,,,,,,,,JVASP-64114,JARVIS dft_3d (scraped),,
Ba4CdSb,Ba4CdSb,Metal,Non-Ferrous,5.14,,,,,,,,JVASP-64822,JARVIS dft_3d (scraped),,
SnRh2,SnRh2,Metal,Non-Ferrous,11.09,,,,,,,,JVASP-85566,JARVIS dft_3d (scraped),,
Ba4SrRe,Ba4SrRe,Metal,Non-Ferrous,5.653,,,,,,,,JVASP-64067,JARVIS dft_3d (scraped),,
Zn3CrTe4,Zn3CrTe4,Metal,Non-Ferrous,5.325,,,,37.75720699272159,,,,JVASP-91945,JARVIS dft_3d (scraped),,
NaMn4Be,NaMn4Be,Metal,Non-Ferrous,5.651,,,,99.11203904555316,,,,JVASP-65035,JARVIS dft_3d (scraped),,
LaHBr2,LaHBr2,Metal,Non-Ferrous,4.888,,,,,,,,JVASP-85794,JARVIS dft_3d (scraped),,
Ba4MgSe,Ba4MgSe,Metal,Non-Ferrous,4.164,,,,,,,,JVASP-64209,JARVIS dft_3d (scraped),,
Ba4InHg,Ba4InHg,Metal,Non-Ferrous,5.576,,,,,,,,JVASP-64471,JARVIS dft_3d (scraped),,
Ba4NbCu,Ba4NbCu,Metal,Non-Ferrous,4.871,,,,7.036871313087176,,,,JVASP-64622,JARVIS dft_3d (scraped),,
Ba4TiTl,Ba4TiTl,Metal,Non-Ferrous,5.247,,,,,,,,JVASP-64691,JARVIS dft_3d (scraped),,
UGaRu,UGaRu,Metal,Non-Ferrous,12.319,,,,93.53149018698484,,,,JVASP-89906,JARVIS dft_3d (scraped),,
MnMoAs2,MnMoAs2,Metal,Non-Ferrous,7.776,,,,,,,,JVASP-107748,JARVIS dft_3d (scraped),,
Ba4GaTe,Ba4GaTe,Metal,Non-Ferrous,5.006,,,,,,,,JVASP-64755,JARVIS dft_3d (scraped),,
KBaHf,KBaHf,Metal,Non-Ferrous,4.108,,,,-10.354862559241708,,,,JVASP-64397,JARVIS dft_3d (scraped),,
BeNb4Pb,BeNb4Pb,Metal,Non-Ferrous,8.309,,,,,,,,JVASP-65079,JARVIS dft_3d (scraped),,
K5SnSb3,K5SnSb3,Metal,Non-Ferrous,3.29,,,,,,,,JVASP-97395,JARVIS dft_3d (scraped),,
Ba4ZrSb,Ba4ZrSb,Metal,Non-Ferrous,5.105,,,,-35.88615065366259,,,,JVASP-64559,JARVIS dft_3d (scraped),,
Li4H4Rh,Li4H4Rh,Metal,Non-Ferrous,2.833,,,,,,,,JVASP-18464,JARVIS dft_3d (scraped),,
Lu5NiPb3,Lu5NiPb3,Metal,Superalloy,11.452,,,,,,,,JVASP-86785,JARVIS dft_3d (scraped),,
Zr2Cu,Zr2Cu,Metal,Non-Ferrous,7.096,,,,,,,,JVASP-98840,JARVIS dft_3d (scraped),,
Ba4PdBr,Ba4PdBr,Metal,Non-Ferrous,5.018,,,,,,,,JVASP-64823,JARVIS dft_3d (scraped),,
Ba4CaW,Ba4CaW,Metal,Non-Ferrous,5.341,,,,,,,,JVASP-64115,JARVIS dft_3d (scraped),,
BeCr4Sn,BeCr4Sn,Metal,Non-Ferrous,7.051,,,,,,,,JVASP-65115,JARVIS dft_3d (scraped),,
BaSrSc,BaSrSc,Metal,Non-Ferrous,3.252,,,,,,,,JVASP-64693,JARVIS dft_3d (scraped),,
CeMg6Fe,CeMg6Fe,Metal,Ferrous,3.28,,,,,,,,JVASP-90634,JARVIS dft_3d (scraped),,
Ba4SnSb,Ba4SnSb,Metal,Non-Ferrous,5.403,,,,,,,,JVASP-64068,JARVIS dft_3d (scraped),,
Ba4LiSb,Ba4LiSb,Metal,Non-Ferrous,4.283,,,,,,,,JVASP-64472,JARVIS dft_3d (scraped),,
Ba4NiSe,Ba4NiSe,Metal,Non-Ferrous,4.988,,,,,,,,JVASP-64027,JARVIS dft_3d (scraped),,
Ba4NaMo,Ba4NaMo,Metal,Non-Ferrous,3.99,,,,,,,,JVASP-64211,JARVIS dft_3d (scraped),,
SrIn4Pd,SrIn4Pd,Metal,Non-Ferrous,7.155,,,,,,,,JVASP-97349,JARVIS dft_3d (scraped),,
Ba4MnPd,Ba4MnPd,Metal,Non-Ferrous,5.379,,,,,,,,JVASP-63987,JARVIS dft_3d (scraped),,
Ba4ZnSe,Ba4ZnSe,Metal,Non-Ferrous,4.679,,,,,,,,JVASP-64153,JARVIS dft_3d (scraped),,
BeTe,BeTe,Metal,Non-Ferrous,5.007,,,,102.1556458782019,,,,JVASP-1248,JARVIS dft_3d (scraped),,
Ba4CaMo,Ba4CaMo,Metal,Non-Ferrous,4.587,,,,,,,,JVASP-64626,JARVIS dft_3d (scraped),,
Ba4BeGa,Ba4BeGa,Metal,Non-Ferrous,4.217,,,,,,,,JVASP-64398,JARVIS dft_3d (scraped),,
YbCrSb3,YbCrSb3,Metal,Non-Ferrous,8.001,,,,,,,,JVASP-97686,JARVIS dft_3d (scraped),,
BeIr4Se,BeIr4Se,Metal,Non-Ferrous,14.327,,,,51.07815004344887,,,,JVASP-64961,JARVIS dft_3d (scraped),,
BaZr4Tl,BaZr4Tl,Metal,Non-Ferrous,7.316,,,,,,,,JVASP-64757,JARVIS dft_3d (scraped),,
CeMg2H7,CeMg2H7,Metal,Non-Ferrous,3.524,,,,,,,,JVASP-98625,JARVIS dft_3d (scraped),,
KBa4W,KBa4W,Metal,Non-Ferrous,4.989,,,,5.578066544406601,,,,JVASP-64284,JARVIS dft_3d (scraped),,
Ba4HfMn,Ba4HfMn,Metal,Non-Ferrous,5.284,,,,,,,,JVASP-64116,JARVIS dft_3d (scraped),,
MnTl3,MnTl3,Metal,Non-Ferrous,10.703,,,,,,,,JVASP-38264,JARVIS dft_3d (scraped),,
Ba4SrW,Ba4SrW,Metal,Non-Ferrous,5.484,,,,,,,,JVASP-64697,JARVIS dft_3d (scraped),,
Ba4CdPt,Ba4CdPt,Metal,Non-Ferrous,6.217,,,,,,,,JVASP-64028,JARVIS dft_3d (scraped),,
TaBePd4,TaBePd4,Metal,Non-Ferrous,10.76,,,,,,,,JVASP-65080,JARVIS dft_3d (scraped),,
BaNaBr,BaNaBr,Metal,Non-Ferrous,2.914,,,,-9.685047473200612,,,,JVASP-63938,JARVIS dft_3d (scraped),,
Ba4BeSn,Ba4BeSn,Metal,Non-Ferrous,4.549,,,,,,,,JVASP-64474,JARVIS dft_3d (scraped),,
SrMnSb2,SrMnSb2,Metal,Non-Ferrous,5.825,,,,,,,,JVASP-91569,JARVIS dft_3d (scraped),,
Na,Na,Metal,Non-Ferrous,1.005,,,,,,,,JVASP-90817,JARVIS dft_3d (scraped),,
Ba4HfZn,Ba4HfZn,Metal,Non-Ferrous,5.229,,,,,,,,JVASP-64399,JARVIS dft_3d (scraped),,
BeMoBr4,BeMoBr4,Metal,Non-Ferrous,4.147,,,,,,,,JVASP-64919,JARVIS dft_3d (scraped),,
DyMgPd,DyMgPd,Metal,Non-Ferrous,7.577,,,,,,,,JVASP-90176,JARVIS dft_3d (scraped),,
BaSrMg,BaSrMg,Metal,Non-Ferrous,2.779,,,,,,,,JVASP-64698,JARVIS dft_3d (scraped),,
Ba4ScPt,Ba4ScPt,Metal,Non-Ferrous,5.599,,,,,,,,JVASP-64117,JARVIS dft_3d (scraped),,
YCo3H2,YCo3H2,Metal,Non-Ferrous,6.963,,,,,,,,JVASP-86907,JARVIS dft_3d (scraped),,
Ba4CrSe,Ba4CrSe,Metal,Non-Ferrous,4.256,,,,,,,,JVASP-64287,JARVIS dft_3d (scraped),,
Ba4LiV,Ba4LiV,Metal,Non-Ferrous,3.853,,,,,,,,JVASP-64758,JARVIS dft_3d (scraped),,
NdAlCu,NdAlCu,Metal,Non-Ferrous,6.267,,,,,,,,JVASP-90048,JARVIS dft_3d (scraped),,
K4BeW,K4BeW,Metal,Non-Ferrous,2.515,,,,,,,,JVASP-65081,JARVIS dft_3d (scraped),,
KNa2AlH6,KNa2AlH6,Metal,Non-Ferrous,1.158,,,,,,,,JVASP-98841,JARVIS dft_3d (scraped),,
BaCa2I6,BaCa2I6,Metal,Non-Ferrous,4.275,,,,,,,,JVASP-42943,JARVIS dft_3d (scraped),,
Mg7Cr,Mg7Cr,Metal,Non-Ferrous,2.143,,,,51.77267899233943,,,,JVASP-91895,JARVIS dft_3d (scraped),,
Ca2CdSb2,Ca2CdSb2,Metal,Non-Ferrous,4.91,,,,,,,,JVASP-88169,JARVIS dft_3d (scraped),,
BaNaLi,BaNaLi,Metal,Non-Ferrous,1.766,,,,-36.315689810640215,,,,JVASP-64825,JARVIS dft_3d (scraped),,
Ba4TiNi,Ba4TiNi,Metal,Superalloy,4.581,,,,,,,,JVASP-64029,JARVIS dft_3d (scraped),,
Ba5Al5Pb,Ba5Al5Pb,Metal,Non-Ferrous,4.723,,,,,,,,JVASP-86161,JARVIS dft_3d (scraped),,
La3Ge4Rh4,La3Ge4Rh4,Metal,Non-Ferrous,8.159,,,,,,,,JVASP-98458,JARVIS dft_3d (scraped),,
CaCo2Ge2,CaCo2Ge2,Metal,Non-Ferrous,6.18,,,,146.33072697807978,,,,JVASP-15347,JARVIS dft_3d (scraped),,
Li3Mg,Li3Mg,Metal,Non-Ferrous,0.942,,,,,,,,JVASP-90587,JARVIS dft_3d (scraped),,
Ba4GaBr,Ba4GaBr,Metal,Non-Ferrous,4.494,,,,,,,,JVASP-64699,JARVIS dft_3d (scraped),,
CeCrGe3,CeCrGe3,Metal,Non-Ferrous,7.438,,,,,,,,JVASP-97687,JARVIS dft_3d (scraped),,
BaPbBr,BaPbBr,Metal,Non-Ferrous,5.113,,,,-1.087864077669903,,,,JVASP-64069,JARVIS dft_3d (scraped),,
DyPt,DyPt,Metal,Non-Ferrous,13.513,,,,,,,,JVASP-91615,JARVIS dft_3d (scraped),,
Ba4ScSn,Ba4ScSn,Metal,Non-Ferrous,4.617,,,,,,,,JVASP-64401,JARVIS dft_3d (scraped),,
Yb,Yb,Metal,Non-Ferrous,7.578,,,,25.861549467806668,,,,JVASP-14621,JARVIS dft_3d (scraped),,
MgBeCr4,MgBeCr4,Metal,Non-Ferrous,5.21,,,,,,,,JVASP-64920,JARVIS dft_3d (scraped),,
Ba4CdCo,Ba4CdCo,Metal,Non-Ferrous,5.025,,,,,,,,JVASP-64759,JARVIS dft_3d (scraped),,
Ba4BeGe,Ba4BeGe,Metal,Non-Ferrous,4.374,,,,,,,,JVASP-64118,JARVIS dft_3d (scraped),,
Ti3Hg,Ti3Hg,Metal,Non-Ferrous,8.179,,,,127.8471339571474,,,,JVASP-14939,JARVIS dft_3d (scraped),,
KBaTa,KBaTa,Metal,Non-Ferrous,4.213,,,,-8.444119704624951,,,,JVASP-64155,JARVIS dft_3d (scraped),,
Ba4BeFe,Ba4BeFe,Metal,Ferrous,4.398,,,,,,,,JVASP-64030,JARVIS dft_3d (scraped),,
TaBe2Os,TaBe2Os,Metal,Non-Ferrous,12.435,,,,124.11326579279128,,,,JVASP-64883,JARVIS dft_3d (scraped),,
MnSn3,MnSn3,Metal,Non-Ferrous,6.992,,,,,,,,JVASP-38226,JARVIS dft_3d (scraped),,
Ce2InPt2,Ce2InPt2,Metal,Non-Ferrous,11.153,,,,,,,,JVASP-98009,JARVIS dft_3d (scraped),,
KBaSn,KBaSn,Metal,Non-Ferrous,3.621,,,,-4.97659232007358,,,,JVASP-63988,JARVIS dft_3d (scraped),,
Cs2TeI6,Cs2TeI6,Metal,Non-Ferrous,4.768,,,,,,,,JVASP-22561,JARVIS dft_3d (scraped),,
Be2PtPb,Be2PtPb,Metal,Non-Ferrous,11.455,,,,,,,,JVASP-64962,JARVIS dft_3d (scraped),,
Ba4YCd,Ba4YCd,Metal,Non-Ferrous,4.511,,,,5.775496688741723,,,,JVASP-64560,JARVIS dft_3d (scraped),,
PrAlPt,PrAlPt,Metal,Non-Ferrous,9.35,,,,,,,,JVASP-86280,JARVIS dft_3d (scraped),,
Ba4ScTl,Ba4ScTl,Metal,Non-Ferrous,4.994,,,,,,,,JVASP-64762,JARVIS dft_3d (scraped),,
Mn4BeRe,Mn4BeRe,Metal,Non-Ferrous,10.038,,,,,,,,JVASP-64921,JARVIS dft_3d (scraped),,
YSc4Be,YSc4Be,Metal,Non-Ferrous,3.205,,,,13.969209210618972,,,,JVASP-65036,JARVIS dft_3d (scraped),,
Ba4MgTi,Ba4MgTi,Metal,Non-Ferrous,3.97,,,,-29.810839404497948,,,,JVASP-64212,JARVIS dft_3d (scraped),,
Y,Y,Metal,Non-Ferrous,4.664,,,,61.7497969130788,,,,JVASP-14836,JARVIS dft_3d (scraped),,
Ba4CuMo,Ba4CuMo,Metal,Non-Ferrous,4.942,,,,,,,,JVASP-63942,JARVIS dft_3d (scraped),,
LaCuSb2,LaCuSb2,Metal,Non-Ferrous,7.332,,,,,,,,JVASP-91660,JARVIS dft_3d (scraped),,
BaMg6Ga,BaMg6Ga,Metal,Non-Ferrous,2.67,,,,,,,,JVASP-92205,JARVIS dft_3d (scraped),,
Ba2NaHf,Ba2NaHf,Metal,Non-Ferrous,5.105,,,,27.63827392120075,,,,JVASP-64346,JARVIS dft_3d (scraped),,
GaPd2,GaPd2,Metal,Non-Ferrous,10.42,,,,,,,,JVASP-85865,JARVIS dft_3d (scraped),,
Ba4SrCo,Ba4SrCo,Metal,Non-Ferrous,3.946,,,,,,,,JVASP-64828,JARVIS dft_3d (scraped),,
Ba4YTe,Ba4YTe,Metal,Non-Ferrous,4.631,,,,2.987950138504155,,,,JVASP-64630,JARVIS dft_3d (scraped),,
BeCo4Os,BeCo4Os,Metal,Non-Ferrous,10.373,,,,,,,,JVASP-64963,JARVIS dft_3d (scraped),,
Ba5Ga5Pb,Ba5Ga5Pb,Metal,Non-Ferrous,5.915,,,,,,,,JVASP-98575,JARVIS dft_3d (scraped),,
Li2ZnGe,Li2ZnGe,Metal,Non-Ferrous,3.841,,,,,,,,JVASP-86213,JARVIS dft_3d (scraped),,
Ba4BeHg,Ba4BeHg,Metal,Non-Ferrous,5.011,,,,,,,,JVASP-64214,JARVIS dft_3d (scraped),,
Ba4CoMo,Ba4CoMo,Metal,Non-Ferrous,5.092,,,,,,,,JVASP-64033,JARVIS dft_3d (scraped),,
Ba4InPd,Ba4InPd,Metal,Non-Ferrous,5.381,,,,,,,,JVASP-63943,JARVIS dft_3d (scraped),,
BeCrPd,BeCrPd,Metal,Non-Ferrous,8.029,,,,270.1157148424532,,,,JVASP-65117,JARVIS dft_3d (scraped),,
BeVCu4,BeVCu4,Metal,Non-Ferrous,6.856,,,,,,,,JVASP-65083,JARVIS dft_3d (scraped),,
BeCuBi4,BeCuBi4,Metal,Non-Ferrous,7.979,,,,,,,,JVASP-64922,JARVIS dft_3d (scraped),,
Ba4YSb,Ba4YSb,Metal,Non-Ferrous,4.773,,,,,,,,JVASP-64561,JARVIS dft_3d (scraped),,
Ba4NbTe,Ba4NbTe,Metal,Non-Ferrous,5.137,,,,,,,,JVASP-64763,JARVIS dft_3d (scraped),,
Ba4WBr,Ba4WBr,Metal,Non-Ferrous,5.451,,,,,,,,JVASP-63990,JARVIS dft_3d (scraped),,
Ta4BeTc,Ta4BeTc,Metal,Non-Ferrous,12.969,,,,,,,,JVASP-65037,JARVIS dft_3d (scraped),,
BaScBr,BaScBr,Metal,Non-Ferrous,3.136,,,,-222.2970936490851,,,,JVASP-64119,JARVIS dft_3d (scraped),,
Ba4MgTa,Ba4MgTa,Metal,Non-Ferrous,5.029,,,,,,,,JVASP-64347,JARVIS dft_3d (scraped),,
KSn2Se4,KSn2Se4,Metal,Non-Ferrous,4.266,,,,,,,,JVASP-97819,JARVIS dft_3d (scraped),,
CeCoGe3,CeCoGe3,Metal,Non-Ferrous,7.563,,,,,,,,JVASP-97688,JARVIS dft_3d (scraped),,
Ba4SnBr,Ba4SnBr,Metal,Non-Ferrous,4.927,,,,-6.477101516919487,,,,JVASP-64289,JARVIS dft_3d (scraped),,
Ba4HfGe,Ba4HfGe,Metal,Non-Ferrous,5.54,,,,,,,,JVASP-63945,JARVIS dft_3d (scraped),,
Ba4BiW,Ba4BiW,Metal,Non-Ferrous,6.526,,,,,,,,JVASP-64035,JARVIS dft_3d (scraped),,
LuNiGe2,LuNiGe2,Metal,Non-Ferrous,9.181,,,,,,,,JVASP-97512,JARVIS dft_3d (scraped),,
Ba4MgPb,Ba4MgPb,Metal,Non-Ferrous,4.867,,,,,,,,JVASP-64215,JARVIS dft_3d (scraped),,
PbI2,PbI2,Metal,Non-Ferrous,5.932,,,,16.662053571428572,,,,JVASP-161,JARVIS dft_3d (scraped),,
Ba4ZrTa,Ba4ZrTa,Metal,Non-Ferrous,6.232,,,,,,,,JVASP-63991,JARVIS dft_3d (scraped),,
Ba4HfSe,Ba4HfSe,Metal,Non-Ferrous,5.464,,,,8.52127659574468,,,,JVASP-64484,JARVIS dft_3d (scraped),,
BaSr2Ga,BaSr2Ga,Metal,Non-Ferrous,4.103,,,,,,,,JVASP-64631,JARVIS dft_3d (scraped),,
Ba4MgSn,Ba4MgSn,Metal,Non-Ferrous,4.388,,,,3.046803519061584,,,,JVASP-64700,JARVIS dft_3d (scraped),,
YMg7,YMg7,Metal,Non-Ferrous,2.173,,,,,,,,JVASP-91705,JARVIS dft_3d (scraped),,
Ba4MgNi,Ba4MgNi,Metal,Superalloy,4.149,,,,,,,,JVASP-64120,JARVIS dft_3d (scraped),,
Ba4SrNi,Ba4SrNi,Metal,Superalloy,3.417,,,,73.59175692120475,,,,JVASP-64564,JARVIS dft_3d (scraped),,
Ba4NiW,Ba4NiW,Metal,Superalloy,5.295,,,,,,,,JVASP-64764,JARVIS dft_3d (scraped),,
BeMo4Pd,BeMo4Pd,Metal,Non-Ferrous,8.594,,,,,,,,JVASP-65118,JARVIS dft_3d (scraped),,
BeGe4Ir,BeGe4Ir,Metal,Non-Ferrous,7.62,,,,,,,,JVASP-64964,JARVIS dft_3d (scraped),,
BaCaBi,BaCaBi,Metal,Non-Ferrous,4.824,,,,,,,,JVASP-64351,JARVIS dft_3d (scraped),,
YBeCu4,YBeCu4,Metal,Non-Ferrous,6.739,,,,,,,,JVASP-65085,JARVIS dft_3d (scraped),,
PuNi3,PuNi3,Metal,Non-Ferrous,12.921,,,,,,,,JVASP-85567,JARVIS dft_3d (scraped),,
Ba4MgGa,Ba4MgGa,Metal,Non-Ferrous,4.014,,,,2.287370242214533,,,,JVASP-64402,JARVIS dft_3d (scraped),,
GaBr2,GaBr2,Metal,Non-Ferrous,4.071,,,,,,,,JVASP-5509,JARVIS dft_3d (scraped),,
Pr2Fe17,Pr2Fe17,Metal,Ferrous,8.227,,,,,,,,JVASP-87115,JARVIS dft_3d (scraped),,
Ba4CaCo,Ba4CaCo,Metal,Non-Ferrous,4.028,,,,,,,,JVASP-64157,JARVIS dft_3d (scraped),,
BaLi4,BaLi4,Metal,Non-Ferrous,1.891,,,,,,,,JVASP-98010,JARVIS dft_3d (scraped),,
LuAg4,LuAg4,Metal,Non-Ferrous,10.74,,,,,,,,JVASP-86786,JARVIS dft_3d (scraped),,
TlZn2Sb2,TlZn2Sb2,Metal,Non-Ferrous,7.095,,,,,,,,JVASP-98373,JARVIS dft_3d (scraped),,
KBaCr,KBaCr,Metal,Non-Ferrous,2.614,,,,-15.932804811372332,,,,JVASP-64830,JARVIS dft_3d (scraped),,
KMg6Nb,KMg6Nb,Metal,Non-Ferrous,2.354,,,,,,,,JVASP-90450,JARVIS dft_3d (scraped),,
Cs2PdI6,Cs2PdI6,Metal,Non-Ferrous,5.208,,,,,,,,JVASP-22650,JARVIS dft_3d (scraped),,
Ba4TiZn,Ba4TiZn,Metal,Non-Ferrous,4.385,,,,,,,,JVASP-64703,JARVIS dft_3d (scraped),,
Y3RuI3,Y3RuI3,Metal,Non-Ferrous,5.586,,,,,,,,JVASP-88569,JARVIS dft_3d (scraped),,
Ba4NbSe,Ba4NbSe,Metal,Non-Ferrous,4.974,,,,4.487384902143523,,,,JVASP-64076,JARVIS dft_3d (scraped),,
Ba4ScRh,Ba4ScRh,Metal,Non-Ferrous,4.943,,,,,,,,JVASP-64123,JARVIS dft_3d (scraped),,
Ba4YTa,Ba4YTa,Metal,Non-Ferrous,5.497,,,,,,,,JVASP-63949,JARVIS dft_3d (scraped),,
Ba4BeZn,Ba4BeZn,Metal,Non-Ferrous,4.083,,,,,,,,JVASP-64216,JARVIS dft_3d (scraped),,
Ba4TlIn,Ba4TlIn,Metal,Non-Ferrous,5.535,,,,,,,,JVASP-64490,JARVIS dft_3d (scraped),,
Ba4HfTe,Ba4HfTe,Metal,Non-Ferrous,5.618,,,,,,,,JVASP-64633,JARVIS dft_3d (scraped),,
MnNiAs,MnNiAs,Metal,Non-Ferrous,7.718,,,,120.45503139013454,,,,JVASP-89981,JARVIS dft_3d (scraped),,
Sc4TaBe,Sc4TaBe,Metal,Non-Ferrous,5.019,,,,,,,,JVASP-65119,JARVIS dft_3d (scraped),,
HfBeFe4,HfBeFe4,Metal,Ferrous,9.152,,,,187.07883908866137,,,,JVASP-64887,JARVIS dft_3d (scraped),,
Li2Te,Li2Te,Metal,Non-Ferrous,3.457,,,,47.43197458552566,,,,JVASP-1399,JARVIS dft_3d (scraped),,
MgBe2Br,MgBe2Br,Metal,Non-Ferrous,2.887,,,,,,,,JVASP-64923,JARVIS dft_3d (scraped),,
HoSnAu,HoSnAu,Metal,Non-Ferrous,11.335,,,,,,,,JVASP-86162,JARVIS dft_3d (scraped),,
Ba4MgTl,Ba4MgTl,Metal,Non-Ferrous,4.753,,,,,,,,JVASP-64352,JARVIS dft_3d (scraped),,
Ba4TlGa,Ba4TlGa,Metal,Non-Ferrous,5.345,,,,,,,,JVASP-64835,JARVIS dft_3d (scraped),,
Be2VMo,Be2VMo,Metal,Non-Ferrous,5.567,,,,,,,,JVASP-65087,JARVIS dft_3d (scraped),,
BeNb4Pd,BeNb4Pd,Metal,Non-Ferrous,7.549,,,,,,,,JVASP-64965,JARVIS dft_3d (scraped),,
Ba2TlCr,Ba2TlCr,Metal,Non-Ferrous,5.969,,,,,,,,JVASP-64217,JARVIS dft_3d (scraped),,
Ba4MnSn,Ba4MnSn,Metal,Non-Ferrous,4.993,,,,,,,,JVASP-64077,JARVIS dft_3d (scraped),,
Ba4CdPb,Ba4CdPb,Metal,Non-Ferrous,5.563,,,,,,,,JVASP-64159,JARVIS dft_3d (scraped),,
Ba4MnGe,Ba4MnGe,Metal,Non-Ferrous,4.619,,,,,,,,JVASP-63950,JARVIS dft_3d (scraped),,
BeCu4Pt,BeCu4Pt,Metal,Non-Ferrous,10.069,,,,94.5221116600178,,,,JVASP-64998,JARVIS dft_3d (scraped),,
Ba4InGe,Ba4InGe,Metal,Non-Ferrous,4.973,,,,,,,,JVASP-64491,JARVIS dft_3d (scraped),,
Ba4CrSb,Ba4CrSb,Metal,Non-Ferrous,4.686,,,,,,,,JVASP-64635,JARVIS dft_3d (scraped),,
BaNaMg,BaNaMg,Metal,Non-Ferrous,2.055,,,,-29.091733604473824,,,,JVASP-64767,JARVIS dft_3d (scraped),,
BaCaTe,BaCaTe,Metal,Non-Ferrous,3.594,,,,,,,,JVASP-63992,JARVIS dft_3d (scraped),,
Sr5In3,Sr5In3,Metal,Non-Ferrous,4.201,,,,,,,,JVASP-86909,JARVIS dft_3d (scraped),,
KCeGeSe4,KCeGeSe4,Metal,Non-Ferrous,4.553,,,,,,,,JVASP-98011,JARVIS dft_3d (scraped),,
BaCaY,BaCaY,Metal,Non-Ferrous,3.304,,,,3.904238200823567,,,,JVASP-64036,JARVIS dft_3d (scraped),,
Sc4TiBe,Sc4TiBe,Metal,Non-Ferrous,3.114,,,,,,,,JVASP-65120,JARVIS dft_3d (scraped),,
NdAl3,NdAl3,Metal,Non-Ferrous,4.363,,,,,,,,JVASP-91946,JARVIS dft_3d (scraped),,
K2MnSnSe4,K2MnSnSe4,Metal,Non-Ferrous,4.037,,,,,,,,JVASP-98305,JARVIS dft_3d (scraped),,
Ba4TlCo,Ba4TlCo,Metal,Non-Ferrous,5.501,,,,,,,,JVASP-64837,JARVIS dft_3d (scraped),,
AlPt2,AlPt2,Metal,Non-Ferrous,15.382,,,,,,,,JVASP-98460,JARVIS dft_3d (scraped),,
SrIn,SrIn,Metal,Non-Ferrous,4.916,,,,,,,,JVASP-98846,JARVIS dft_3d (scraped),,
Ba4VSb,Ba4VSb,Metal,Non-Ferrous,5.017,,,,,,,,JVASP-64125,JARVIS dft_3d (scraped),,
KBa4Os,KBa4Os,Metal,Non-Ferrous,5.264,,,,,,,,JVASP-64769,JARVIS dft_3d (scraped),,
Ba4CoHg,Ba4CoHg,Metal,Non-Ferrous,5.741,,,,,,,,JVASP-63951,JARVIS dft_3d (scraped),,
LiBeFe4,LiBeFe4,Metal,Ferrous,5.654,,,,,,,,JVASP-64966,JARVIS dft_3d (scraped),,
Ba4ScHg,Ba4ScHg,Metal,Non-Ferrous,4.962,,,,,,,,JVASP-64219,JARVIS dft_3d (scraped),,
K2TcI6,K2TcI6,Metal,Non-Ferrous,4.513,,,,,,,,JVASP-85286,JARVIS dft_3d (scraped),,
LuRu2,LuRu2,Metal,Non-Ferrous,12.143,,,,,,,,JVASP-86738,JARVIS dft_3d (scraped),,
Ba4HfSc,Ba4HfSc,Metal,Non-Ferrous,5.192,,,,,,,,JVASP-63993,JARVIS dft_3d (scraped),,
Ba4BeBi,Ba4BeBi,Metal,Non-Ferrous,5.078,,,,,,,,JVASP-64162,JARVIS dft_3d (scraped),,
Ba4MgSb,Ba4MgSb,Metal,Non-Ferrous,4.427,,,,,,,,JVASP-64494,JARVIS dft_3d (scraped),,
K2PdSe10,K2PdSe10,Metal,Non-Ferrous,4.114,,,,,,,,JVASP-98376,JARVIS dft_3d (scraped),,
Ba4MgFe,Ba4MgFe,Metal,Ferrous,4.167,,,,,,,,JVASP-64080,JARVIS dft_3d (scraped),,
TmNiGe2,TmNiGe2,Metal,Non-Ferrous,8.807,,,,,,,,JVASP-90818,JARVIS dft_3d (scraped),,
BeFeBr4,BeFeBr4,Metal,Ferrous,3.719,,,,,,,,JVASP-65088,JARVIS dft_3d (scraped),,
BeIrBr4,BeIrBr4,Metal,Non-Ferrous,5.525,,,,,,,,JVASP-64999,JARVIS dft_3d (scraped),,
Ba2YGa,Ba2YGa,Metal,Non-Ferrous,4.888,,,,28.659283387622143,,,,JVASP-64704,JARVIS dft_3d (scraped),,
MgBe2Se,MgBe2Se,Metal,Non-Ferrous,3.283,,,,,,,,JVASP-65041,JARVIS dft_3d (scraped),,
Ba4YSn,Ba4YSn,Metal,Non-Ferrous,4.771,,,,-34.54878213451052,,,,JVASP-64406,JARVIS dft_3d (scraped),,
TmCu3Te3,TmCu3Te3,Metal,Non-Ferrous,7.355,,,,,,,,JVASP-97515,JARVIS dft_3d (scraped),,
Be2BiIr,Be2BiIr,Metal,Non-Ferrous,11.387,,,,,,,,JVASP-64888,JARVIS dft_3d (scraped),,
HfBe2Rh,HfBe2Rh,Metal,Non-Ferrous,9.172,,,,,,,,JVASP-64924,JARVIS dft_3d (scraped),,
NdAlPt,NdAlPt,Metal,Non-Ferrous,9.587,,,,,,,,JVASP-86684,JARVIS dft_3d (scraped),,
Ba2HgBi,Ba2HgBi,Metal,Non-Ferrous,7.442,,,,,,,,JVASP-64163,JARVIS dft_3d (scraped),,
Ba4TiTe,Ba4TiTe,Metal,Non-Ferrous,4.714,,,,,,,,JVASP-64770,JARVIS dft_3d (scraped),,
Ba4HfNb,Ba4HfNb,Metal,Non-Ferrous,6.195,,,,,,,,JVASP-64081,JARVIS dft_3d (scraped),,
Ba4GeBr,Ba4GeBr,Metal,Non-Ferrous,4.808,,,,,,,,JVASP-64220,JARVIS dft_3d (scraped),,
Ba4ZnCd,Ba4ZnCd,Metal,Non-Ferrous,4.567,,,,,,,,JVASP-64407,JARVIS dft_3d (scraped),,
Ba4MgCu,Ba4MgCu,Metal,Non-Ferrous,3.97,,,,,,,,JVASP-64496,JARVIS dft_3d (scraped),,
Be2NbHg,Be2NbHg,Metal,Non-Ferrous,9.073,,,,36.24729651722147,,,,JVASP-65122,JARVIS dft_3d (scraped),,
Ba4LiTc,Ba4LiTc,Metal,Non-Ferrous,4.616,,,,,,,,JVASP-64126,JARVIS dft_3d (scraped),,
Na2HgPb,Na2HgPb,Metal,Non-Ferrous,6.559,,,,,,,,JVASP-91616,JARVIS dft_3d (scraped),,
Ba4YBi,Ba4YBi,Metal,Non-Ferrous,5.213,,,,,,,,JVASP-64705,JARVIS dft_3d (scraped),,
Ba4RhBr,Ba4RhBr,Metal,Non-Ferrous,5.26,,,,,,,,JVASP-63953,JARVIS dft_3d (scraped),,
SmZnNi,SmZnNi,Metal,Superalloy,8.2,,,,,,,,JVASP-90177,JARVIS dft_3d (scraped),,
USnPt,USnPt,Metal,Non-Ferrous,13.731,,,,,,,,JVASP-90049,JARVIS dft_3d (scraped),,
LaNi2,LaNi2,Metal,Non-Ferrous,8.453,,,,,,,,JVASP-86382,JARVIS dft_3d (scraped),,
Mg7Bi,Mg7Bi,Metal,Non-Ferrous,3.302,,,,,,,,JVASP-91896,JARVIS dft_3d (scraped),,
ErGa2Pd,ErGa2Pd,Metal,Non-Ferrous,9.421,,,,,,,,JVASP-91570,JARVIS dft_3d (scraped),,
SmSb2Pd,SmSb2Pd,Metal,Non-Ferrous,8.518,,,,34.87097384721266,,,,JVASP-91801,JARVIS dft_3d (scraped),,
Sr2InPt2,Sr2InPt2,Metal,Non-Ferrous,8.898,,,,,,,,JVASP-87922,JARVIS dft_3d (scraped),,
Eu,Eu,Metal,Non-Ferrous,7.761,,,,52.10529296875,,,,JVASP-88846,JARVIS dft_3d (scraped),,
Ba4MnCo,Ba4MnCo,Metal,Non-Ferrous,4.784,,,,,,,,JVASP-64082,JARVIS dft_3d (scraped),,
Ba4MnNi,Ba4MnNi,Metal,Superalloy,4.866,,,,,,,,JVASP-64356,JARVIS dft_3d (scraped),,
Ba4TiHg,Ba4TiHg,Metal,Non-Ferrous,5.311,,,,,,,,JVASP-64408,JARVIS dft_3d (scraped),,
Ba4GaSe,Ba4GaSe,Metal,Non-Ferrous,4.866,,,,,,,,JVASP-64224,JARVIS dft_3d (scraped),,
MgBe2In,MgBe2In,Metal,Non-Ferrous,4.164,,,,44.760507827235,,,,JVASP-64296,JARVIS dft_3d (scraped),,
TiFeH2,TiFeH2,Metal,Ferrous,5.758,,,,,,,,JVASP-91661,JARVIS dft_3d (scraped),,
CeAl,CeAl,Metal,Non-Ferrous,5.942,,,,,,,,JVASP-92206,JARVIS dft_3d (scraped),,
Ba4LiCo,Ba4LiCo,Metal,Non-Ferrous,4.026,,,,,,,,JVASP-64497,JARVIS dft_3d (scraped),,
Ba4NbTc,Ba4NbTc,Metal,Non-Ferrous,5.368,,,,,,,,JVASP-64043,JARVIS dft_3d (scraped),,
NdPt,NdPt,Metal,Non-Ferrous,11.61,,,,,,,,JVASP-90863,JARVIS dft_3d (scraped),,
Ba4HfGa,Ba4HfGa,Metal,Non-Ferrous,5.396,,,,,,,,JVASP-63995,JARVIS dft_3d (scraped),,
BeFe4Ir,BeFe4Ir,Metal,Ferrous,9.907,,,,,,,,JVASP-65001,JARVIS dft_3d (scraped),,
LiMnPd2,LiMnPd2,Metal,Non-Ferrous,8.054,,,,124.04405810210432,,,,JVASP-42891,JARVIS dft_3d (scraped),,
Ba4BiBr,Ba4BiBr,Metal,Non-Ferrous,5.457,,,,-11.573555816686252,,,,JVASP-64636,JARVIS dft_3d (scraped),,
Th2Ag,Th2Ag,Metal,Non-Ferrous,11.163,,,,,,,,JVASP-85867,JARVIS dft_3d (scraped),,
Ba4MgCo,Ba4MgCo,Metal,Non-Ferrous,4.242,,,,-4.096551724137932,,,,JVASP-64566,JARVIS dft_3d (scraped),,
Ba4HgSe,Ba4HgSe,Metal,Non-Ferrous,5.624,,,,,,,,JVASP-64170,JARVIS dft_3d (scraped),,
Potassium,K,Metal,Non-Ferrous,0.862,,,,,,,,Scraped from public GitHub dataset,Periodic-Table-JSON (scraped),,
Calcium,Ca,Metal,Non-Ferrous,1.55,,,,,,,,Scraped from public GitHub dataset,Periodic-Table-JSON (scraped),,
Scandium,Sc,Metal,Non-Ferrous,2.985,,,,,,,,Scraped from public GitHub dataset,Periodic-Table-JSON (scraped),,
Rubidium,Rb,Metal,Non-Ferrous,1.532,,,,,,,,Scraped from public GitHub dataset,Periodic-Table-JSON (scraped),,
Rhodium,Rh,Metal,Non-Ferrous,12.41,,,,,,,,Scraped from public GitHub dataset,Periodic-Table-JSON (scraped),,
Cadmium,Cd,Metal,Non-Ferrous,8.65,,,,,,,,Scraped from public GitHub dataset,Periodic-Table-JSON (scraped),,
Indium,In,Metal,Non-Ferrous,7.31,,,,,,,,Scraped from public GitHub dataset,Periodic-Table-JSON (scraped),,
Cesium,Cs,Metal,Non-Ferrous,1.93,,,,,,,,Scraped from public GitHub dataset,Periodic-Table-JSON (scraped),,
Barium,Ba,Metal,Non-Ferrous,3.51,,,,,,,,Scraped from public GitHub dataset,Periodic-Table-JSON (scraped),,
Lanthanum,La,Metal,Non-Ferrous,6.162,,,,,,,,Scraped from public GitHub dataset,Periodic-Table-JSON (scraped),,
Cerium,Ce,Metal,Non-Ferrous,6.77,,,,,,,,Scraped from public GitHub dataset,Periodic-Table-JSON (scraped),,
Neodymium,Nd,Metal,Non-Ferrous,7.01,,,,,,,,Scraped from public GitHub dataset,Periodic-Table-JSON (scraped),,
Promethium,Pm,Metal,Non-Ferrous,7.26,,,,,,,,Scraped from public GitHub dataset,Periodic-Table-JSON (scraped),,
Samarium,Sm,Metal,Non-Ferrous,7.52,,,,,,,,Scraped from public GitHub dataset,Periodic-Table-JSON (scraped),,
Gadolinium,Gd,Metal,Non-Ferrous,7.9,,,,,,,,Scraped from public GitHub dataset,Periodic-Table-JSON (scraped),,
Terbium,Tb,Metal,Non-Ferrous,8.23,,,,,,,,Scraped from public GitHub dataset,Periodic-Table-JSON (scraped),,
Dysprosium,Dy,Metal,Non-Ferrous,8.54,,,,,,,,Scraped from public GitHub dataset,Periodic-Table-JSON (scraped),,
Holmium,Ho,Metal,Non-Ferrous,8.79,,,,,,,,Scraped from public GitHub dataset,Periodic-Table-JSON (scraped),,
Thulium,Tm,Metal,Non-Ferrous,9.32,,,,,,,,Scraped from public GitHub dataset,Periodic-Table-JSON (scraped),,
Lutetium,Lu,Metal,Non-Ferrous,9.841,,,,,,,,Scraped from public GitHub dataset,Periodic-Table-JSON (scraped),,
Osmium,Os,Metal,Non-Ferrous,22.59,,,,,,,,Scraped from public GitHub dataset,Periodic-Table-JSON (scraped),,
Iridium,Ir,Metal,Non-Ferrous,22.56,,,,,,,,Scraped from public GitHub dataset,Periodic-Table-JSON (scraped),,
Mercury,Hg,Metal,Non-Ferrous,13.534,,,,,,,,Scraped from public GitHub dataset,Periodic-Table-JSON (scraped),,
Thallium,Tl,Metal,Non-Ferrous,11.85,,,,,,,,Scraped from public GitHub dataset,Periodic-Table-JSON (scraped),,
Bismuth,Bi,Metal,Non-Ferrous,9.78,,,,,,,,Scraped from public GitHub dataset,Periodic-Table-JSON (scraped),,
6061-T6 Aluminum Alloy,AlL,Metal,Aluminum Alloy,2.7,167.0,275.0,310.0,69.0,95.0,23.6,,,CSV,,
7075-T6 Aluminum Alloy,AlZn,Metal,Aluminum Alloy,2.81,130.0,505.0,570.0,72.0,150.0,23.4,,,CSV,,
2024-T4 Aluminum Alloy,AlCu,Metal,Aluminum Alloy,2.78,121.0,325.0,470.0,73.0,120.0,23.5,,,CSV,,
316 Stainless Steel,FeCrNi,Metal,Stainless Steel,8.0,16.3,170.0,515.0,193.0,217.0,15.9,,,CSV,,
304 Stainless Steel,FeCrNi,Metal,Stainless Steel,8.0,16.3,205.0,530.0,193.0,217.0,15.8,,,CSV,,
410 Stainless Steel,FeCr,Metal,Stainless Steel,7.75,24.8,240.0,620.0,200.0,221.0,10.8,,,CSV,,
Titanium Grade 2,Ti,Metal,Titanium,4.51,21.9,345.0,435.0,116.0,250.0,8.6,,,CSV,,
Ti-6Al-4V ELI,TiAlV,Metal,Titanium Alloy,4.43,7.4,880.0,950.0,103.0,334.0,8.6,,,CSV,,
Copper (pure),Cu,Metal,Pure Element,8.96,401.0,70.0,220.0,120.0,35.0,16.5,,,CSV,,
Brass (70-30),CuZn,Metal,Brass,8.5,110.0,145.0,330.0,97.0,95.0,20.0,,,CSV,,
Cast Iron (Ductile),Fe,Metal,Cast Iron,7.14,42.0,275.0,415.0,169.0,160.0,12.1,,,CSV,,
Mild Steel AISI 1020,Fe,Metal,Carbon Steel,7.85,50.0,210.0,380.0,200.0,95.0,12.2,,,CSV,,
Medium Carbon Steel AISI 1050,Fe,Metal,Carbon Steel,7.84,49.0,310.0,630.0,210.0,167.0,12.0,,,CSV,,
Magnesium Alloy AZ91D,MgAl,Metal,Magnesium Alloy,1.81,51.0,160.0,230.0,45.0,80.0,25.0,,,CSV,,
